"Metabolites","mean_VIS","numberoftimes"
"C0","0.178104612094522","100"
"C2","0.00492921002873195","26"
"C3","0.127034616695201","100"
"C3-DC (C4-OH)","0.0511313554496225","84"
"C3-OH","0.0289495813855185","74"
"C3:1","0.00690183495630871","33"
"C4","0.00642347612834671","30"
"C4:1","0.00632789270146336","22"
"C5","0.0730674778244853","91"
"C5-DC (C6-OH)","0.000509700168391619","5"
"C5-M-DC","0.19851707337889","100"
"C5-OH (C3-DC-M)","0.0372495836996217","85"
"C5:1","0","0"
"C5:1-DC","0.0106800725147646","29"
"C6 (C4:1-DC)","0.11934512212214","100"
"C6:1","0.0132858640806361","44"
"C7-DC","0.30935499974862","100"
"C8","0.0262532852722128","54"
"C9","0.0508679725504654","76"
"C10","0.0685549799636551","98"
"C10:1","0.0382830543942161","79"
"C10:2","0.0292413659459282","67"
"C12","0.0648185620375577","95"
"C12-DC","0.000345376010444504","4"
"C12:1","0.00978339241786202","34"
"C14","0.060655812707164","93"
"C14:1","0.0355256707793439","74"
"C14:1-OH","0.0127849478627187","50"
"C14:2","0.00121936526209976","6"
"C14:2-OH","0.0119087659954357","53"
"C16","0.00150357584217039","8"
"C16-OH","0.0319101602764324","75"
"C16:1","0.0463739375540124","90"
"C16:1-OH","0.00174868691350204","13"
"C16:2","0.000331783293760557","7"
"C16:2-OH","0.0220924349609512","62"
"C18","0.0239032373720519","66"
"C18:1","0.00677720540308904","20"
"C18:1-OH","0.00142778944085318","8"
"C18:2","0.00168840536863239","12"
"Cer(d16:1/18:0)","0.0293880092585577","61"
"Cer(d16:1/20:0)","0.0406581240593497","86"
"Cer(d16:1/22:0)","0.0330436838342479","73"
"Cer(d16:1/23:0)","0.00657794759413763","26"
"Cer(d16:1/24:0)","0.0022804068852625","13"
"Cer(d18:1/14:0)","0.00919593589995079","29"
"Cer(d18:1/16:0)","0.000591244100603614","6"
"Cer(d18:1/18:0(OH))","0.012312472123829","47"
"Cer(d18:1/18:0)","0.112919886971535","100"
"Cer(d18:1/18:1)","0.00390421004535251","18"
"Cer(d18:1/20:0(OH))","0.0803733990248763","94"
"Cer(d18:1/20:0)","0.0375102903715557","87"
"Cer(d18:1/22:0)","0.0361780962218267","77"
"Cer(d18:1/23:0)","0.000178981377768628","4"
"Cer(d18:1/24:0)","0.00297502886144038","20"
"Cer(d18:1/24:1)","0.0423454110487355","86"
"Cer(d18:1/25:0)","0.00375356854057771","26"
"Cer(d18:1/26:0)","0.0365879720023784","66"
"Cer(d18:1/26:1)","0.00321631846163741","16"
"Cer(d18:2/14:0)","0.0499446125200818","85"
"Cer(d18:2/16:0)","0.0967847948827524","100"
"Cer(d18:2/18:0)","0.0140589736322308","50"
"Cer(d18:2/18:1)","0.0693807069480371","85"
"Cer(d18:2/20:0)","0.00310300124751282","14"
"Cer(d18:2/22:0)","0.000487051899580721","4"
"Cer(d18:2/23:0)","0.0185116624760912","57"
"Cer(d18:2/24:0)","0.000844053274203862","6"
"Cer(d18:2/24:1)","0.0193321128761644","57"
"CE(14:0)","0.00498180678637972","22"
"CE(14:1)","0.00905507139100883","29"
"CE(15:0)","0.00020430459139408","3"
"CE(15:1)","0.00154904765266908","12"
"CE(16:0)","0.0687512773608412","90"
"CE(16:1)","0.00102782198417363","6"
"CE(17:0)","0.00717406849137808","27"
"CE(17:1)","0.00122750549291654","6"
"CE(18:0)","0.00177688559694523","13"
"CE(18:1)","0.00688033615843623","29"
"CE(18:2)","0.00397850974000489","20"
"CE(18:3)","0.045775209223778","95"
"CE(20:0)","0.00169194624269751","27"
"CE(20:1)","0.00506802730136497","47"
"CE(20:3)","0.000742176980332721","8"
"CE(20:4)","0.0398189588102745","92"
"CE(20:5)","0.00153245746893882","14"
"CE(22:0)","0.0106803470178552","44"
"CE(22:1)","0.00621757969652026","52"
"CE(22:2)","0.00370481163728461","43"
"CE(22:5)","0.131476066391579","100"
"CE(22:6)","0.0771213654795951","99"
"DG(14:0_14:0)","0.0755849018496707","100"
"DG(14:0_18:1)","0.0339472792645904","71"
"DG(14:0_18:2)",NA,NA
"DG(14:0_20:0)",NA,NA
"DG(14:1_18:1)","0.0312330864631951","66"
"DG(14:1_20:2)","0.0378142118454393","77"
"DG(16:0_16:0)",NA,NA
"DG(16:0_16:1)","0.138453976519889","100"
"DG(16:0_18:1)","0.0139117306331031","42"
"DG(16:0_18:2)","0.0231888254489797","67"
"DG(16:0_20:0)","0.183743488340773","100"
"DG(16:0_20:3)","0.0119621423658606","40"
"DG(16:0_20:4)","0.0376182119725127","41"
"DG(16:1_18:0)","0.0035987016456617","26"
"DG(16:1_18:1)","0.0582613117277078","94"
"DG(16:1_18:2)","0.0431849153769169","74"
"DG(17:0_17:1)","0.152297646107835","100"
"DG(17:0_18:1)","0.0258532034796544","63"
"DG(18:0_20:4)","0.000420178697131801","4"
"DG(18:1_18:1)","0.0433760367385128","88"
"DG(18:1_18:2)","0.0108108761505942","45"
"DG(18:1_18:3)","0.0248223177565242","35"
"DG(18:1_18:4)","0.0534463139500291","100"
"DG(18:1_20:1)","0.00959139417831437","30"
"DG(18:1_20:2)","0.00760440936607453","30"
"DG(18:1_20:3)","0.0244798890379758","53"
"DG(18:1_20:4)","0.0323362967002934","71"
"DG(18:1_22:5)","0.0253489240830799","77"
"DG(18:1_22:6)","0.0357182025706071","87"
"DG(18:2_18:2)","0.00222669732199858","13"
"DG(18:2_18:3)","0.0904354910101871","92"
"DG(18:2_18:4)","0.0121887217354464","40"
"DG(18:2_20:0)","0.0542274550062226","98"
"DG(18:2_20:4)","0.0352877970473348","78"
"DG(18:3_18:3)","0.00786546987964138","26"
"DG(18:3_20:2)","0.00744171658246869","31"
"DG(21:0_22:6)","0.087674128651101","97"
"DG(22:1_22:2)","0.122183819223103","100"
"DG-O(14:0_18:2)","0.0220828881973773","65"
"DG-O(16:0_20:4)","0.181260907294808","100"
"DG-O(18:2_18:2)","0.0349807532587065","89"
"Cer(d18:0/16:0)","0.0584838895008582","99"
"Cer(d18:0/18:0(OH))","0.0163569455826468","37"
"Cer(d18:0/18:0)","0.0175762152485403","81"
"Cer(d18:0/20:0)","0.0915463146071869","100"
"Cer(d18:0/22:0)","0.00435146016521925","22"
"Cer(d18:0/24:0)","0.00624836198318004","28"
"Cer(d18:0/24:1)","0.00348471966346686","15"
"Cer(d18:0/26:1(OH))","0.00268242217056199","22"
"lysoPC a C14:0","0.000876508288187435","6"
"lysoPC a C16:0","0.0339213251746351","74"
"lysoPC a C16:1","0.00250525859276126","15"
"lysoPC a C17:0","0.00955348148252676","29"
"lysoPC a C18:0","0.00822765633505208","33"
"lysoPC a C18:1","0.00227307332133483","12"
"lysoPC a C18:2","0.00575280809159914","20"
"lysoPC a C20:3","0.00166205665811932","15"
"lysoPC a C20:4","0.0112073655690319","41"
"lysoPC a C24:0","0.0364651058768416","91"
"lysoPC a C26:0","0.00070056728357905","5"
"lysoPC a C26:1","0.00881584185775409","43"
"lysoPC a C28:0","0.0363579515921006","86"
"lysoPC a C28:1","0.0128683156945662","54"
"PC aa C24:0","0.000535658732062577","6"
"PC aa C26:0","0.00186429912031046","10"
"PC aa C28:1","0.0123382805616847","48"
"PC aa C30:0","0.00201699348983186","17"
"PC aa C32:0","0.00445322431128631","17"
"PC aa C32:1","0.000443080013110964","2"
"PC aa C32:2","0.000708736226831328","4"
"PC aa C32:3","0.00512109594752405","25"
"PC aa C34:1","0.0626104310852851","99"
"PC aa C34:2","0.00971101719920194","40"
"PC aa C34:3","0.00165134654625893","9"
"PC aa C34:4","0.0339386720568662","78"
"PC aa C36:0","0.008383281559476","31"
"PC aa C36:1","0.0193793781919116","53"
"PC aa C36:2","0.0512404471932562","99"
"PC aa C36:3","0.0852168694930365","100"
"PC aa C36:4","0.0360965548622912","96"
"PC aa C36:5","0.00374345432507902","17"
"PC aa C36:6","0.00313799488020654","17"
"PC aa C38:0","0.0267817078357628","68"
"PC aa C38:3","0.0590988519447471","88"
"PC aa C38:4","0.0348458761824554","72"
"PC aa C38:5","0.0169836202603565","44"
"PC aa C38:6","0.0136218253596789","47"
"PC aa C40:1","0.0103446750426293","45"
"PC aa C40:2","0.00821076368332723","34"
"PC aa C40:3","0.0383665835793975","74"
"PC aa C40:4","0.0066781187952299","28"
"PC aa C40:5","0.00258671268683165","13"
"PC aa C40:6","0.000200352554384072","4"
"PC aa C42:0","0.000407807571512859","2"
"PC aa C42:1","0.00112771879280692","7"
"PC aa C42:2","0.00141497909767418","9"
"PC aa C42:4","0.0409883078935009","86"
"PC aa C42:5","0.0676031446876954","94"
"PC aa C42:6","0.0140211388144963","48"
"PC ae C30:0","0.0145103794677622","56"
"PC ae C30:1","0.00670918086673001","25"
"PC ae C30:2","0.0911821645889381","99"
"PC ae C32:1","0.00466654555386888","20"
"PC ae C32:2","0.0222718841812669","64"
"PC ae C34:0","0.00206383024430871","14"
"PC ae C34:1","0.0192748504857078","62"
"PC ae C34:2","0.000421623487589917","5"
"PC ae C34:3","0.00503310758276084","23"
"PC ae C36:0","0.0285933111498697","71"
"PC ae C36:1","0.014793542411965","44"
"PC ae C36:2","0.00126356096741258","7"
"PC ae C36:3","0.00552857509365217","25"
"PC ae C36:4","0.0127891400126387","39"
"PC ae C36:5","0.0744636945303205","94"
"PC ae C38:0","0.0665077763586176","95"
"PC ae C38:1","0.0544278430922426","83"
"PC ae C38:2","0.000247317507115453","4"
"PC ae C38:3","0.00780383560453047","39"
"PC ae C38:4","0.000542433235420614","5"
"PC ae C38:5","0.0583399803175151","92"
"PC ae C38:6","0.00659495317431638","32"
"PC ae C40:1","0.0117514470399744","45"
"PC ae C40:2","0.0115503932229057","41"
"PC ae C40:3","0.00208978689980889","12"
"PC ae C40:4","0.0025807775002994","20"
"PC ae C40:5","0.000416549768805958","4"
"PC ae C40:6","0.0106117279717854","52"
"PC ae C42:0","0.0667404994240156","94"
"PC ae C42:1","0.169295977013328","100"
"PC ae C42:2","0.00127921651637987","7"
"PC ae C42:3","0.00236378535982724","11"
"PC ae C42:4","0.0884001912168467","98"
"PC ae C42:5","0.0501960781099831","93"
"PC ae C44:3","0.107938894912456","97"
"PC ae C44:4","0.0224066763800183","63"
"PC ae C44:5","0.00726631914876924","37"
"PC ae C44:6","0.0174694476621795","56"
"Hex2Cer(d18:1/14:0)","0.0368020266893","80"
"Hex2Cer(d18:1/16:0)","0.00124337596361496","9"
"Hex2Cer(d18:1/18:0)","0.0629131229970922","92"
"Hex2Cer(d18:1/20:0)","0.125500057683085","99"
"Hex2Cer(d18:1/22:0)","0.00674342594259691","27"
"Hex2Cer(d18:1/24:0)","0.0190015328075966","49"
"Hex2Cer(d18:1/24:1)","0.0015031912408503","15"
"Hex2Cer(d18:1/26:0)","0.0298209925070862","64"
"Hex2Cer(d18:1/26:1)","0.0819200532855309","98"
"Hex3Cer(d18:1/16:0)","0.00207372785409071","12"
"Hex3Cer(d18:1/18:0)","0.0536609854897811","81"
"Hex3Cer(d18:1/24:1)","0.00218545399520186","10"
"Hex3Cer(d18:1/26:1)","0.270672614302023","100"
"Hex3Cer(d18:1_20:0)","0.0322751236303551","65"
"Hex3Cer(d18:1_22:0)","0.0328653581511095","71"
"HexCer(d16:1/22:0)","0.0369633394987531","71"
"HexCer(d16:1/24:0)","0.0210343403445404","52"
"HexCer(d18:1/14:0)","0.161033816547092","100"
"HexCer(d18:1/16:0)","0.00458652672562473","20"
"HexCer(d18:1/18:0)","0.0817519138493356","92"
"HexCer(d18:1/18:1)","0.00144970218416859","8"
"HexCer(d18:1/20:0)","0.0108094060579501","32"
"HexCer(d18:1/22:0)","0.00363118154994482","17"
"HexCer(d18:1/23:0)","0.00517494294298386","26"
"HexCer(d18:1/24:0)","0.0338816856885642","70"
"HexCer(d18:1/24:1)","0.00307818930585882","12"
"HexCer(d18:1/26:0)","0.0815557635728398","96"
"HexCer(d18:1/26:1)","0.0959013496405295","98"
"HexCer(d18:2/16:0)","0.146449279719966","99"
"HexCer(d18:2/18:0)","0.0268873565755691","60"
"HexCer(d18:2/20:0)","0.0923013032203541","99"
"HexCer(d18:2/22:0)","0.098515454367832","100"
"HexCer(d18:2/23:0)","0.0467494548229594","80"
"HexCer(d18:2/24:0)","0.00687165362066861","24"
"SM (OH) C14:1","0.0157650811543017","58"
"SM (OH) C16:1","0.00420382626551117","21"
"SM (OH) C22:1","0.0214255695693859","70"
"SM (OH) C22:2","0.0288467459927393","81"
"SM (OH) C24:1","0.0623482100418234","94"
"SM C16:0","0.00558125050798831","25"
"SM C16:1","0.0324812189525227","81"
"SM C18:0","0.00177727473829469","12"
"SM C18:1","0.0688983763274199","95"
"SM C20:2","0.0250296376851432","59"
"SM C24:0","0.0100077204929339","38"
"SM C24:1","0.00223615871103049","13"
"SM C26:0","0.0371860037421165","81"
"SM C26:1","0.00186927948207585","13"
"H1","0.136115436922649","98"
"TG(14:0_32:2)","0.00165016792596641","14"
"TG(14:0_34:0)","0","0"
"TG(14:0_34:1)","0","0"
"TG(14:0_34:2)","0","0"
"TG(14:0_34:3)","0.000362752135591007","4"
"TG(14:0_35:1)","2.3846086036974e-05","1"
"TG(14:0_35:2)","0","0"
"TG(14:0_36:1)","0.000133062329130575","1"
"TG(14:0_36:2)","0.0051275418059186","35"
"TG(14:0_36:3)","0.00176805875816738","17"
"TG(14:0_36:4)","0.000966918574251601","7"
"TG(14:0_38:4)","0","0"
"TG(14:0_38:5)","0","0"
"TG(14:0_40:5)","0.000931066985580305","5"
"TG(16:0_28:1)","0.000714345140982938","9"
"TG(16:0_28:2)","0.0637885141593951","96"
"TG(16:0_30:2)","1.97363269615906e-05","1"
"TG(16:0_32:0)","0.0827816637550227","100"
"TG(16:0_32:1)","0.0188667201911779","88"
"TG(16:0_32:2)","0.000396763710577126","7"
"TG(16:0_32:3)","0","0"
"TG(16:0_33:1)","0.00924619547055667","58"
"TG(16:0_33:2)","0.00435177535268095","36"
"TG(16:0_34:0)","0.0502719639370677","99"
"TG(16:0_34:1)","0.0387397690925307","98"
"TG(16:0_34:2)","0.00557912960222571","42"
"TG(16:0_34:3)","0","0"
"TG(16:0_34:4)","0","0"
"TG(16:0_35:1)","0.0006854329931125","12"
"TG(16:0_35:2)","0","0"
"TG(16:0_35:3)","0","0"
"TG(16:0_36:2)","0","0"
"TG(16:0_36:3)","0","0"
"TG(16:0_36:4)","0","0"
"TG(16:0_36:5)","0","0"
"TG(16:0_36:6)","0.00028618351118702","1"
"TG(16:0_37:3)","0.000365595233979028","2"
"TG(16:0_38:1)","0.0420097640603428","91"
"TG(16:0_38:2)","0.00658943261666696","35"
"TG(16:0_38:3)","0.00156410810580684","10"
"TG(16:0_38:4)","0.00294858050754246","25"
"TG(16:0_38:5)","0.000292347155420585","3"
"TG(16:0_38:6)","0.00594129210915243","39"
"TG(16:0_38:7)","0","0"
"TG(16:0_40:6)","0.000699263942527799","7"
"TG(16:0_40:7)","0.000150391287079209","2"
"TG(16:0_40:8)","0","0"
"TG(16:1_28:0)","0.00452984807018438","20"
"TG(16:1_30:1)","0.0006724272511007","5"
"TG(16:1_32:0)","0.0824796470369432","100"
"TG(16:1_32:1)","0","0"
"TG(16:1_32:2)","0.000831464284207574","11"
"TG(16:1_33:1)","0.000127358891847698","3"
"TG(16:1_34:0)","0.000318475605274161","6"
"TG(16:1_34:1)","0","0"
"TG(16:1_34:2)","5.17698511495159e-05","1"
"TG(16:1_34:3)","0.0691214913283125","98"
"TG(16:1_36:1)","0.00318769294866041","24"
"TG(16:1_36:2)","0.0250800486177351","75"
"TG(16:1_36:3)","0.02209485982201","85"
"TG(16:1_36:4)","0.00283124449789946","25"
"TG(16:1_36:5)","0.0220960042290431","70"
"TG(16:1_38:3)","0.000461748942866494","6"
"TG(16:1_38:4)","0.000239661388309079","2"
"TG(16:1_38:5)","0","0"
"TG(17:0_32:1)","0.00081956128307814","8"
"TG(17:0_34:1)","0.00192445008033319","20"
"TG(17:0_34:2)","0","0"
"TG(17:0_34:3)","0","0"
"TG(17:0_36:3)","0","0"
"TG(17:0_36:4)","0.000580312507107039","10"
"TG(17:1_32:1)","0","0"
"TG(17:1_34:1)","0","0"
"TG(17:1_34:2)","0","0"
"TG(17:1_34:3)","0.00373464796365696","18"
"TG(17:1_36:3)","4.30204082131964e-05","1"
"TG(17:1_36:4)","0.000552562326577918","2"
"TG(17:1_36:5)","0.0115063051404505","49"
"TG(17:1_38:5)","0.0518153443281273","91"
"TG(17:1_38:6)","0.00202178116023574","12"
"TG(17:1_38:7)","0.0751927020772975","93"
"TG(17:2_34:2)","0","0"
"TG(17:2_34:3)","0","0"
"TG(17:2_36:2)","0.00242485570033038","12"
"TG(17:2_36:3)","0.000970285057588301","11"
"TG(17:2_36:4)","0.00617556622012486","34"
"TG(17:2_38:5)","0.00287678699672927","19"
"TG(17:2_38:6)","0.00786903135125166","37"
"TG(17:2_38:7)","0.00154050793794341","10"
"TG(18:0_30:0)","0.00192415520030319","11"
"TG(18:0_30:1)","0.00322390435597538","16"
"TG(18:0_32:0)","0.0246275793950916","62"
"TG(18:0_32:1)","0","0"
"TG(18:0_32:2)","0","0"
"TG(18:0_34:2)","0","0"
"TG(18:0_34:3)","0.000722409020107573","9"
"TG(18:0_36:1)","0.00662217426675128","19"
"TG(18:0_36:2)","0.000142276516592962","2"
"TG(18:0_36:3)","0.000211120865327881","2"
"TG(18:0_36:4)","0","0"
"TG(18:0_36:5)","0.000142608750512386","1"
"TG(18:0_38:6)","0.0168775812358507","47"
"TG(18:0_38:7)","0.000212245155952399","1"
"TG(18:1_26:0)","0.000812807307739303","3"
"TG(18:1_28:1)","0.00214732556655977","18"
"TG(18:1_30:0)","0","0"
"TG(18:1_30:1)","0.0263509575390734","86"
"TG(18:1_30:2)","0.066064735099047","89"
"TG(18:1_31:0)","0.000372140900620418","3"
"TG(18:1_32:0)","0.0190021922780565","88"
"TG(18:1_32:1)","0","0"
"TG(18:1_32:2)","0.0104938752898398","60"
"TG(18:1_32:3)","0.0666475160190048","99"
"TG(18:1_33:0)","0.000237301388377912","3"
"TG(18:1_33:1)","0","0"
"TG(18:1_33:2)","0.000152580498685786","2"
"TG(18:1_33:3)","0.000896556959774005","9"
"TG(18:1_34:1)","0","0"
"TG(18:1_34:2)","0","0"
"TG(18:1_34:3)","0.00172033430803274","24"
"TG(18:1_34:4)","0.08369697132264","100"
"TG(18:1_35:2)","0","0"
"TG(18:1_35:3)","0","0"
"TG(18:1_36:0)","0.00524560234168561","17"
"TG(18:1_36:1)","0.00293689620063836","26"
"TG(18:1_36:2)","0.0241408869581482","79"
"TG(18:1_36:3)","0.0316676900030528","86"
"TG(18:1_36:4)","0.00404249215223703","26"
"TG(18:1_36:5)","0","0"
"TG(18:1_36:6)","0.00131263050895914","11"
"TG(18:1_38:5)","2.84504802819851e-05","1"
"TG(18:1_38:6)","0.0329774616932036","97"
"TG(18:1_38:7)","0.00576667698983692","27"
"TG(18:2_28:0)","0.000137412885521665","1"
"TG(18:2_30:0)","8.56601715398572e-05","1"
"TG(18:2_30:1)","0.00556576300249795","34"
"TG(18:2_31:0)","0.0105783196901681","47"
"TG(18:2_32:0)","0.0523914786357271","100"
"TG(18:2_32:1)","0","0"
"TG(18:2_32:2)","0.000485078348956793","5"
"TG(18:2_33:0)","0.000338240750861776","5"
"TG(18:2_33:1)","0","0"
"TG(18:2_33:2)","0.000360258437795074","2"
"TG(18:2_34:0)","0","0"
"TG(18:2_34:1)","0","0"
"TG(18:2_34:2)","0","0"
"TG(18:2_34:3)","0","0"
"TG(18:2_34:4)","0.039055013728466","95"
"TG(18:2_35:1)","0","0"
"TG(18:2_35:2)","0","0"
"TG(18:2_35:3)","0.000210243102810056","3"
"TG(18:2_36:0)","5.54179828914731e-05","1"
"TG(18:2_36:1)","0.000632236173438746","6"
"TG(18:2_36:2)","0.0175740423733332","72"
"TG(18:2_36:3)","0.0305853594559558","85"
"TG(18:2_36:4)","0.0124017508458602","30"
"TG(18:2_36:5)","0.00418747721274058","16"
"TG(18:2_38:4)","0.00583099074577366","32"
"TG(18:2_38:5)","1.01921669500529e-05","1"
"TG(18:2_38:6)","0.0175605455695176","63"
"TG(18:3_30:0)","0","0"
"TG(18:3_32:0)","0.00775053530230918","38"
"TG(18:3_32:1)","0.000310537220481322","7"
"TG(18:3_33:2)","0.00899474073735696","36"
"TG(18:3_34:0)","0.000257922542968056","6"
"TG(18:3_34:1)","0.000611117442023391","7"
"TG(18:3_34:2)","0","0"
"TG(18:3_34:3)","0.00985825935432996","53"
"TG(18:3_35:2)","0.03401635622753","76"
"TG(18:3_36:1)","0.00706251837491389","35"
"TG(18:3_36:2)","0.000140952037405383","3"
"TG(18:3_36:3)","0","0"
"TG(18:3_36:4)","0.000425862736283273","2"
"TG(18:3_38:5)","0.000657789993770254","4"
"TG(18:3_38:6)","0.000714568892269604","6"
"TG(20:0_32:3)","0","0"
"TG(20:0_32:4)","0.00544259726226816","31"
"TG(20:0_34:1)","0.0192341672285285","52"
"TG(20:1_24:3)",NA,NA
"TG(20:1_26:1)",NA,NA
"TG(20:1_30:1)","0.000600344004982398","2"
"TG(20:1_32:0)","0.0448376808091308","96"
"TG(20:1_32:1)","9.66034272495406e-05","1"
"TG(20:1_32:2)","0","0"
"TG(20:1_32:3)","0.00459985895259415","23"
"TG(20:1_34:0)","0.0235418906925396","78"
"TG(20:1_34:1)","0.00174138222778853","13"
"TG(20:1_34:2)","0","0"
"TG(20:1_34:3)","0.000123703668239832","2"
"TG(20:2_32:0)","0.0635258851597405","100"
"TG(20:2_32:1)","0","0"
"TG(20:2_34:1)","0.00115195754580709","9"
"TG(20:2_34:2)","0.000670973899149171","6"
"TG(20:2_34:3)","7.16148464715424e-07","1"
"TG(20:2_34:4)","0.000877054282312774","8"
"TG(20:2_36:5)","0.00601615461450252","26"
"TG(20:3_32:0)","0.0536672366106993","100"
"TG(20:3_32:1)","0","0"
"TG(20:3_32:2)","0.000140510018565544","2"
"TG(20:3_34:0)","0.0020369596410528","13"
"TG(20:3_34:1)","0.00131438088425057","11"
"TG(20:3_34:2)","0.000279396315323636","3"
"TG(20:3_34:3)","9.49582709530519e-05","1"
"TG(20:3_36:3)","0.0571875247718856","89"
"TG(20:3_36:4)","0.0209588247172479","67"
"TG(20:3_36:5)","0.100813298711873","99"
"TG(20:4_30:0)","0","0"
"TG(20:4_32:0)","0.01090141018265","56"
"TG(20:4_32:1)","0","0"
"TG(20:4_32:2)","0","0"
"TG(20:4_33:2)","0.00910568211981347","33"
"TG(20:4_34:0)","0","0"
"TG(20:4_34:1)","4.11852177808367e-05","1"
"TG(20:4_34:2)","0.00114897448553554","8"
"TG(20:4_34:3)","0.000377873838195829","3"
"TG(20:4_35:3)","0.00179223157852588","12"
"TG(20:4_36:2)","0.00108587948363277","10"
"TG(20:4_36:3)","0.0652770642648764","98"
"TG(20:4_36:4)","0.042756469513607","90"
"TG(20:4_36:5)","0.00386728347550737","15"
"TG(20:5_34:0)","0.000290070904073946","3"
"TG(20:5_34:1)","0.000119188517579497","2"
"TG(20:5_34:2)","0","0"
"TG(20:5_36:2)","0.0252718364850577","68"
"TG(20:5_36:3)","0.038520954282097","84"
"TG(22:0_32:4)","0.00201643951053129","15"
"TG(22:1_32:5)","0.000855173950791806","4"
"TG(22:2_32:4)","0.0525326304863986","86"
"TG(22:3_30:2)",NA,NA
"TG(22:4_32:0)","0.0673116454986613","99"
"TG(22:4_32:2)","0.0173736222003182","44"
"TG(22:4_34:2)","0.00275469549708825","14"
"TG(22:5_32:0)","0.0545350132967233","100"
"TG(22:5_32:1)","0","0"
"TG(22:5_34:1)","0.000304427514197948","4"
"TG(22:5_34:2)","0.000244330827642672","1"
"TG(22:5_34:3)","0.00643933831835172","30"
"TG(22:6_32:0)","0.0947646785628335","100"
"TG(22:6_32:1)","0.0182966603131909","65"
"TG(22:6_34:1)","0.0190029314532864","69"
"TG(22:6_34:2)","0.00423141610738218","26"
"TG(22:6_34:3)","2.191116690352e-05","1"
"Trigonelline","0.0857932806288683","93"
"TMAO","0.0477350992195344","82"
"Ala","0.00718211974544222","29"
"Arg","0.035344467091325","69"
"Asn","0.0177799923105071","48"
"Asp","0.0052527344278029","22"
"Cys","0.0671400487451322","87"
"Gln","0.00400800222000332","25"
"Glu","0.0890447842121836","96"
"Gly","0.0157965777979627","41"
"His","0.00597487923768818","22"
"Ile","0.00727920050340124","24"
"Leu","0.0429901373558816","86"
"Lys","0.0932668981060302","99"
"Met","0.0215260059169235","63"
"Phe","0.0590856716881721","87"
"Pro","0.140452975277348","100"
"Ser","0.0137978228669927","47"
"Thr","0.00813876087280784","26"
"Trp","0.107684691093537","100"
"Tyr","0.00507048788018247","29"
"Val","0.171415264445033","100"
"1-Met-His","0.00330711470430418","16"
"3-Met-His","0.0184385762300032","48"
"5-AVA","0.0653588650740792","92"
"AABA",NA,NA
"Ac-Orn","0.202292012305563","100"
"ADMA","0.0114836270899718","36"
"alpha-AAA","0.0222537504408023","56"
"Anserine","0.0673997037028167","90"
"BABA","0.117218673208558","99"
"Betaine","0.154571979509233","100"
"c4-OH-Pro","0.0846999201145287","90"
"Carnosine","0.019169240155533","51"
"Cit","0.0243105298125103","55"
"Creatinine","0.0453007988343193","27"
"Cystine",NA,NA
"DOPA","0.0508089587523549","78"
"HArg","0.0982985765853815","99"
"HCys","0.166153625145185","100"
"Kynurenine","0.0183051670452123","62"
"Met-SO","0.0244593338497929","56"
"Nitro-Tyr","0.0542327280753329","79"
"Orn","0.00427385217792258","15"
"PheAlaBetaine","0.0206678873911566","50"
"ProBetaine","0.0224587202419194","45"
"Sarcosine","0.173400684875049","100"
"SDMA","0.011080754811424","37"
"t4-OH-Pro","0.290417968840462","100"
"Taurine","0.0123905402013729","36"
"TrpBetaine","0.064742308933645","87"
"CA","0.0876707484605063","97"
"CDCA","0.215241612071566","100"
"DCA","0.0876605538531923","96"
"GCA","0.0257390160352132","66"
"GCDCA","0.0203058063022758","46"
"GDCA","0.0730495700123325","99"
"GLCA","0.0961942027639492","93"
"GLCAS","0.130719172830435","100"
"GUDCA","0.0847731323783162","94"
"TCA","0.00558640867036655","16"
"TCDCA","0.0280851274148389","73"
"TDCA","0.0362358502584905","40"
"TLCA","0.215944816920004","100"
"TMCA","0.131935800209792","100"
"beta-Ala","0.154371146789992","100"
"Dopamine","0.0262069983618859","63"
"GABA","0.0314130156586941","59"
"Histamine","0.0112544381882638","19"
"PEA","0.117909403371923","97"
"Putrescine","0.00910632530208958","54"
"Serotonin","0.19072593842497","100"
"Spermidine","0.042343242217972","85"
"Spermine","0.160078557663951","100"
"AconAcid","0.0312721669810859","69"
"DiCA(12:0)","0.0110817747084695","40"
"DiCA(14:0)","0.196054184549147","100"
"HipAcid","0.326005115994626","100"
"Lac","0.0835767025170911","95"
"OH-GlutAcid","0.0725411920139804","87"
"Suc","0.00623249239048681","18"
"p-Cresol-SO4","0.0333210267047273","74"
"AA","0.0294851433566177","68"
"DHA","0.131899003812628","99"
"EPA","0.00480387966819696","24"
"FA(12:0)","0.0584737376186468","93"
"FA(14:0)","0.0276932969594635","58"
"FA(16:0)","0.159016311040254","100"
"FA(18:0)","0.100284240569518","100"
"FA(18:1)","0.0064464954901183","23"
"FA(18:2)","0.0122709232796169","45"
"FA(20:1)","0.0109438580100358","31"
"FA(20:2)","0.0139746471381191","44"
"FA(20:3)","0.0171104312230059","44"
"AbsAcid","0.0555304762388453","86"
"Cortisol","0.0288536229242547","62"
"Cortisone","0.0928525219692495","96"
"DHEAS","0.0108145824372802","23"
"3-IAA","0.219642230268472","100"
"3-IPA","0.0700933848300625","95"
"Ind-SO4","0.0251203836939975","59"
"Indole","0.0227189822047414","66"
"Hypoxanthine","0.0778993350639222","96"
"Xanthine","0.182028648643407","100"
"Choline","0.0230312118553007","81"
