"biomarker","auc","CN_Mean","CN_SD","AD_Mean","AD_SD","pvalues","statistic","foldchange","qvalues"
"1-Met-His",0.528,7.596,2.557,7.506,3.151,0.716,-0.365,0.988,0.864
"3-IAA",0.565,3.822,2.175,4.524,2.734,0.001,3.317,1.184,0.014
"3-IPA",0.525,8.192,66.387,3.364,31.15,0.234,-1.191,0.411,0.492
"3-Met-His",0.527,12.882,12.363,11.989,13.717,0.419,-0.808,0.931,0.65
"5-AVA",0.53,0.062,0.054,0.064,0.034,0.552,0.595,1.035,0.748
"AA",0.507,1.534,0.623,1.488,0.634,0.387,-0.867,0.97,0.632
"AbsAcid",0.537,0.023,0.016,0.026,0.023,0.054,1.933,1.149,0.217
"Ac-Orn",0.587,30.184,9.762,27.504,8.427,0,-3.56,0.911,0.008
"AconAcid",0.567,1.174,0.468,1.28,0.78,0.06,1.89,1.091,0.231
"ADMA",0.505,0.568,0.081,0.568,0.086,0.953,-0.059,0.999,0.972
"Ala",0.536,495.171,100.425,482.08,103.355,0.127,-1.529,0.974,0.345
"alpha-AAA",0.538,13.03,5.369,12.017,4.156,0.01,-2.585,0.922,0.068
"Anserine",0.555,1.463,0.54,1.346,0.445,0.004,-2.868,0.92,0.036
"Arg",0.503,146.711,27.654,144.869,25.514,0.405,-0.833,0.987,0.642
"Asn",0.505,61.606,11.411,61.203,10.406,0.657,-0.444,0.993,0.833
"Asp",0.513,32.364,11.399,31.28,9.709,0.215,-1.242,0.967,0.464
"BABA",0.57,113.363,31.425,105.598,31.723,0.004,-2.932,0.932,0.034
"beta-Ala",0.511,0.145,0.073,0.151,0.076,0.353,0.929,1.04,0.61
"Betaine",0.652,1.007,0.424,0.804,0.297,0,-6.866,0.798,0
"C0",0.538,45.081,9.091,45.95,9.546,0.269,1.107,1.019,0.521
"C10",0.619,0.309,0.217,0.378,0.26,0.001,3.351,1.221,0.013
"C10:1",0.557,0.39,0.058,0.397,0.06,0.151,1.44,1.018,0.376
"C10:2",0.54,0.081,0.02,0.077,0.015,0.016,-2.406,0.958,0.09
"C12",0.597,0.13,0.043,0.145,0.056,0,3.525,1.115,0.008
"C12-DC",0.605,0.099,0.005,0.098,0.001,0.141,-1.474,0.996,0.362
"C12:1",0.554,0.287,0.031,0.294,0.039,0.038,2.083,1.022,0.17
"C14",0.559,0.056,0.011,0.058,0.011,0.018,2.383,1.04,0.094
"C14:1",0.545,0.099,0.022,0.102,0.024,0.08,1.752,1.035,0.269
"C14:1-OH",0.52,0.029,0.005,0.029,0.005,0.42,-0.806,0.988,0.65
"C14:2",0.564,0.056,0.018,0.06,0.02,0.024,2.262,1.065,0.12
"C14:2-OH",0.528,0.023,0.004,0.023,0.004,0.179,-1.345,0.981,0.419
"C16",0.528,0.128,0.026,0.13,0.027,0.275,1.094,1.019,0.527
"C16-OH",0.506,0.021,0.004,0.021,0.004,0.714,-0.367,0.995,0.864
"C16:1",0.569,0.044,0.01,0.047,0.012,0.004,2.909,1.064,0.035
"C16:1-OH",0.501,0.027,0.005,0.027,0.004,0.826,-0.22,0.997,0.914
"C16:2",0.547,0.027,0.005,0.027,0.006,0.057,1.906,1.032,0.226
"C16:2-OH",0.501,0.024,0.004,0.024,0.004,0.934,-0.083,0.999,0.969
"C18",0.547,0.062,0.014,0.063,0.013,0.171,1.372,1.025,0.409
"C18:1",0.56,0.154,0.037,0.161,0.034,0.038,2.082,1.04,0.17
"C18:1-OH",0.507,0.024,0.004,0.023,0.004,0.69,-0.399,0.994,0.853
"C18:2",0.565,0.072,0.02,0.074,0.017,0.098,1.657,1.034,0.306
"C2",0.527,6.467,2.151,6.635,2.084,0.342,0.951,1.026,0.597
"C3",0.575,0.479,0.103,0.45,0.096,0,-3.508,0.939,0.008
"C3-DC (C4-OH)",0.534,0.16,0.039,0.155,0.037,0.132,-1.507,0.97,0.351
"C3-OH",0.526,0.108,0.016,0.107,0.017,0.291,-1.057,0.986,0.54
"C3:1",0.515,0.11,0.016,0.109,0.018,0.632,-0.48,0.994,0.816
"C4",0.534,0.32,0.076,0.31,0.075,0.116,-1.575,0.969,0.331
"c4-OH-Pro",0.503,0.152,0.072,0.153,0.085,0.826,0.22,1.01,0.914
"C4:1",0.523,0.103,0.023,0.102,0.018,0.289,-1.061,0.983,0.539
"C5",0.512,0.224,0.053,0.222,0.064,0.701,-0.384,0.991,0.853
"C5-DC (C6-OH)",0.512,0.102,0.014,0.103,0.015,0.734,0.34,1.004,0.874
"C5-M-DC",0.529,0.101,0.015,0.102,0.015,0.487,0.696,1.009,0.695
"C5-OH (C3-DC-M)",0.527,0.098,0.014,0.097,0.014,0.184,-1.331,0.984,0.427
"C5:1",0.529,0.092,0.013,0.091,0.014,0.14,-1.477,0.981,0.362
"C5:1-DC",0.502,0.09,0.021,0.09,0.015,0.838,-0.205,0.997,0.92
"C6 (C4:1-DC)",0.574,0.169,0.042,0.178,0.048,0.013,2.503,1.057,0.075
"C6:1",0.523,0.079,0.013,0.077,0.013,0.26,-1.127,0.984,0.512
"C7-DC",0.565,0.08,0.015,0.076,0.015,0.012,-2.534,0.96,0.074
"C8",0.607,0.288,0.182,0.335,0.197,0.004,2.892,1.161,0.035
"C9",0.521,0.056,0.011,0.055,0.011,0.371,-0.896,0.985,0.624
"CA",0.535,11.522,17.941,12.126,12.747,0.632,0.48,1.052,0.816
"Carnosine",0.526,0.176,0.039,0.177,0.034,0.735,0.339,1.006,0.874
"CDCA",0.6,0.163,0.446,0.064,0.183,0,-3.741,0.393,0.005
"CE(14:0)",0.526,18.957,4.128,18.683,4.231,0.435,-0.782,0.986,0.654
"CE(14:1)",0.523,0.557,0.083,0.546,0.083,0.139,-1.483,0.982,0.359
"CE(15:0)",0.514,4.516,1.103,4.441,1.112,0.422,-0.803,0.983,0.652
"CE(15:1)",0.522,0.473,0.133,0.463,0.135,0.369,-0.9,0.979,0.622
"CE(16:0)",0.543,416.212,86.053,400.563,75.559,0.02,-2.337,0.962,0.103
"CE(16:1)",0.509,128.384,51.605,125.189,46.383,0.432,-0.786,0.975,0.654
"CE(17:0)",0.504,4.026,0.781,3.999,0.786,0.677,-0.417,0.993,0.851
"CE(17:1)",0.521,8.006,2.326,7.858,2.322,0.447,-0.762,0.981,0.665
"CE(18:0)",0.519,21.393,4.462,20.97,4.272,0.246,-1.161,0.98,0.505
"CE(18:1)",0.507,768.805,168.806,757.891,166.294,0.437,-0.779,0.986,0.654
"CE(18:2)",0.505,2967.281,679.158,2962.963,682.477,0.94,-0.076,0.999,0.972
"CE(18:3)",0.523,154.378,49.68,149.962,58.091,0.337,-0.96,0.971,0.591
"CE(20:0)",0.615,6.764,54.259,2.057,15.77,0.123,-1.544,0.304,0.341
"CE(20:1)",0.618,3.826,28.257,1.433,9.112,0.137,-1.488,0.374,0.358
"CE(20:3)",0.513,51.279,11.344,51.102,12.489,0.861,-0.176,0.997,0.927
"CE(20:4)",0.513,586.74,160.778,594.585,167.13,0.57,0.569,1.013,0.76
"CE(20:5)",0.585,152.025,93.22,126.718,82.997,0.001,-3.463,0.834,0.009
"CE(22:0)",0.571,0.176,0.05,0.181,0.04,0.246,1.161,1.024,0.505
"CE(22:1)",0.651,0.273,0.229,0.251,0.061,0.092,-1.69,0.921,0.295
"CE(22:2)",0.636,0.356,2.751,0.104,0.743,0.102,-1.638,0.293,0.313
"CE(22:5)",0.519,3.992,0.902,4.097,1.103,0.224,1.219,1.026,0.475
"CE(22:6)",0.554,73.698,26.577,69.587,30.282,0.09,-1.7,0.944,0.292
"Cer(d16:1/18:0)",0.535,0.02,0.007,0.021,0.007,0.128,1.523,1.042,0.346
"Cer(d16:1/20:0)",0.537,0.049,0.012,0.051,0.014,0.069,1.822,1.042,0.254
"Cer(d16:1/22:0)",0.508,0.216,0.07,0.222,0.081,0.376,0.886,1.026,0.625
"Cer(d16:1/23:0)",0.524,0.092,0.033,0.095,0.037,0.257,1.134,1.036,0.511
"Cer(d16:1/24:0)",0.527,0.244,0.078,0.241,0.087,0.602,-0.522,0.985,0.788
"Cer(d18:0/16:0)",0.615,264.659,1.506,265.244,5.276,0.097,1.664,1.002,0.306
"Cer(d18:0/18:0(OH))",0.624,0.146,0.019,0.15,0.028,0.079,1.761,1.025,0.265
"Cer(d18:0/20:0)",0.675,0.239,0.013,0.236,0.014,0.021,-2.31,0.989,0.11
"Cer(d18:0/22:0)",0.521,0.201,0.053,0.196,0.047,0.193,-1.303,0.973,0.44
"Cer(d18:0/24:0)",0.555,0.313,0.094,0.292,0.08,0.004,-2.895,0.933,0.035
"Cer(d18:0/24:1)",0.523,0.237,0.071,0.229,0.064,0.149,-1.446,0.966,0.374
"Cer(d18:0/26:1(OH))",0.507,0.875,0.09,0.874,0.099,0.858,-0.178,0.998,0.927
"Cer(d18:1/14:0)",0.534,0.038,0.008,0.039,0.008,0.115,1.577,1.028,0.331
"Cer(d18:1/16:0)",0.544,0.232,0.047,0.24,0.055,0.081,1.746,1.033,0.271
"Cer(d18:1/18:0(OH))",0.627,0.026,0.003,0.027,0.004,0.014,2.456,1.031,0.082
"Cer(d18:1/18:0)",0.584,0.101,0.026,0.11,0.033,0,3.518,1.089,0.008
"Cer(d18:1/18:1)",0.572,0.021,0.005,0.022,0.005,0.002,3.094,1.066,0.024
"Cer(d18:1/20:0(OH))",0.606,0.745,0.169,0.821,0.205,0,4.694,1.101,0
"Cer(d18:1/20:0)",0.545,0.135,0.041,0.142,0.046,0.039,2.074,1.057,0.172
"Cer(d18:1/22:0)",0.531,0.758,0.208,0.781,0.229,0.221,1.226,1.03,0.47
"Cer(d18:1/23:0)",0.542,0.952,0.254,0.981,0.256,0.187,1.32,1.03,0.432
"Cer(d18:1/24:0)",0.512,2.478,0.669,2.44,0.66,0.5,-0.676,0.985,0.7
"Cer(d18:1/24:1)",0.565,0.977,0.225,1.027,0.256,0.014,2.472,1.052,0.08
"Cer(d18:1/25:0)",0.533,0.387,0.084,0.391,0.086,0.543,0.608,1.011,0.742
"Cer(d18:1/26:0)",0.52,0.078,0.019,0.076,0.02,0.204,-1.271,0.973,0.454
"Cer(d18:1/26:1)",0.527,0.046,0.013,0.046,0.012,0.467,0.729,1.017,0.684
"Cer(d18:2/14:0)",0.527,0.004,0.001,0.004,0,0.497,0.68,1.008,0.699
"Cer(d18:2/16:0)",0.516,0.144,0.008,0.145,0.009,0.257,1.134,1.006,0.511
"Cer(d18:2/18:0)",0.527,0.048,0.01,0.049,0.011,0.348,0.94,1.018,0.602
"Cer(d18:2/18:1)",0.625,0.006,0.001,0.006,0.001,0.009,2.635,1.033,0.062
"Cer(d18:2/20:0)",0.51,0.052,0.013,0.052,0.014,0.58,0.554,1.012,0.767
"Cer(d18:2/22:0)",0.514,0.236,0.074,0.24,0.079,0.487,0.696,1.019,0.695
"Cer(d18:2/23:0)",0.521,0.141,0.043,0.144,0.044,0.449,0.758,1.02,0.666
"Cer(d18:2/24:0)",0.518,0.558,0.179,0.548,0.179,0.477,-0.712,0.981,0.691
"Cer(d18:2/24:1)",0.519,0.209,0.055,0.214,0.059,0.377,0.885,1.02,0.625
"Choline",0.543,12.303,21.28,10.919,11.409,0.305,-1.026,0.888,0.557
"Cit",0.509,52.016,15.417,51.795,15.562,0.865,-0.17,0.996,0.929
"Cortisol",0.575,0.323,0.112,0.352,0.116,0.003,2.941,1.087,0.034
"Cortisone",0.503,0.083,0.006,0.083,0.007,0.728,0.347,1.002,0.871
"Creatinine",0.51,5.941,0.033,5.937,0.35,0.857,-0.181,0.999,0.927
"Cys",0.514,57.507,11.538,58.245,13.397,0.488,0.694,1.013,0.695
"DCA",0.59,0.07,0.09,0.083,0.062,0.044,2.017,1.18,0.189
"DG-O(14:0_18:2)",0.658,0.793,0.051,0.801,0.084,0.162,1.401,1.011,0.395
"DG-O(16:0_20:4)",0.619,0.008,0.001,0.009,0.001,0.004,2.871,1.038,0.036
"DG-O(18:2_18:2)",0.687,0.308,0.02,0.31,0.014,0.095,1.674,1.008,0.3
"DG(14:0_14:0)",0.736,0.777,0.035,0.79,0.078,0.012,2.519,1.017,0.074
"DG(14:0_18:1)",0.515,0.035,0.009,0.034,0.007,0.071,-1.808,0.965,0.254
"DG(14:1_18:1)",0.528,0.065,0.025,0.066,0.023,0.703,0.382,1.012,0.854
"DG(14:1_20:2)",0.513,0.008,0.002,0.008,0.001,0.796,-0.259,0.996,0.912
"DG(16:0_16:1)",0.543,0.577,0.255,0.593,0.226,0.403,0.837,1.029,0.641
"DG(16:0_18:1)",0.517,6.717,2.847,6.77,2.742,0.821,0.226,1.008,0.914
"DG(16:0_18:2)",0.552,3.487,1.547,3.711,1.563,0.088,1.712,1.064,0.286
"DG(16:0_20:0)",0.613,0.007,0,0.007,0,0.279,1.084,1.004,0.529
"DG(16:0_20:3)",0.536,0.04,0.008,0.04,0.007,0.478,0.711,1.011,0.691
"DG(16:0_20:4)",0.611,0.194,0.024,0.193,0.036,0.729,-0.347,0.995,0.871
"DG(16:1_18:0)",0.629,0.123,0.005,0.124,0.007,0.106,1.621,1.007,0.32
"DG(16:1_18:1)",0.523,4.49,0.55,4.493,0.411,0.948,0.065,1.001,0.972
"DG(16:1_18:2)",0.586,1.123,0.328,1.206,0.36,0.005,2.847,1.074,0.037
"DG(17:0_17:1)",0.723,0.003,0,0.003,0,0.102,-1.637,0.991,0.313
"DG(17:0_18:1)",0.521,0.392,0.12,0.406,0.127,0.176,1.356,1.036,0.416
"DG(18:0_20:4)",0.641,0.083,0.005,0.083,0.006,0.447,-0.76,0.996,0.665
"DG(18:1_18:1)",0.531,5.808,2.792,6.079,2.84,0.252,1.147,1.047,0.511
"DG(18:1_18:2)",0.557,12.312,5.726,13.259,5.596,0.046,2.001,1.077,0.195
"DG(18:1_18:3)",0.556,0.923,0.418,0.945,0.263,0.417,0.811,1.025,0.65
"DG(18:1_18:4)",0.745,0.005,0,0.005,0,0.014,2.46,1.006,0.082
"DG(18:1_20:1)",0.516,0.148,0.045,0.145,0.035,0.365,-0.906,0.98,0.62
"DG(18:1_20:2)",0.522,0.056,0.025,0.059,0.026,0.19,1.311,1.051,0.436
"DG(18:1_20:3)",0.535,0.102,0.048,0.106,0.044,0.321,0.994,1.037,0.57
"DG(18:1_20:4)",0.565,0.561,0.03,0.558,0.006,0.108,-1.612,0.995,0.322
"DG(18:1_22:5)",0.598,0.02,0,0.02,0.001,0.43,-0.789,0.998,0.654
"DG(18:1_22:6)",0.516,1.175,0.022,1.174,0.025,0.657,-0.444,0.999,0.833
"DG(18:2_18:2)",0.576,6.686,3.755,7.467,3.64,0.012,2.531,1.117,0.074
"DG(18:2_18:3)",0.56,0.354,0.178,0.382,0.175,0.06,1.886,1.079,0.231
"DG(18:2_18:4)",0.521,0.026,0.007,0.025,0.007,0.367,-0.903,0.98,0.622
"DG(18:2_20:0)",0.62,0.01,0,0.01,0.001,0.122,1.55,1.008,0.341
"DG(18:2_20:4)",0.525,0.464,0.014,0.463,0.003,0.401,-0.84,0.999,0.64
"DG(18:3_18:3)",0.534,0.036,0.008,0.036,0.008,0.275,1.094,1.02,0.527
"DG(18:3_20:2)",0.55,0.01,0.001,0.01,0.002,0.7,0.386,1.005,0.853
"DG(21:0_22:6)",0.622,0.114,0.007,0.113,0.008,0.072,-1.804,0.99,0.254
"DG(22:1_22:2)",0.548,0.01,0.002,0.01,0.002,0.102,-1.639,0.97,0.313
"DHA",0.6,3.902,2.848,3.087,2.459,0,-3.712,0.791,0.005
"DHEAS",0.561,4.021,0.251,4.026,0.123,0.746,0.324,1.001,0.879
"DiCA(12:0)",0.64,0.405,0.018,0.41,0.054,0.17,1.375,1.012,0.409
"DiCA(14:0)",0.564,0.141,0.03,0.151,0.043,0.002,3.05,1.069,0.026
"DOPA",0.556,43.528,10.708,44.99,11.316,0.116,1.576,1.034,0.331
"Dopamine",0.508,3.441,1.036,3.447,1.539,0.954,0.058,1.002,0.972
"EPA",0.572,0.583,0.507,0.464,0.552,0.008,-2.647,0.797,0.061
"FA(12:0)",0.513,25.306,30.156,25.247,36.006,0.983,-0.021,0.998,0.993
"FA(14:0)",0.532,81.771,41.844,78.419,72.394,0.519,-0.645,0.959,0.72
"FA(16:0)",0.567,375.767,55.348,362.247,52.136,0.003,-3.019,0.964,0.027
"FA(18:0)",0.559,301.347,46.02,290.326,45.428,0.004,-2.88,0.963,0.035
"FA(18:1)",0.514,131.514,47.039,130.28,53.822,0.774,-0.288,0.991,0.895
"FA(18:2)",0.512,169.371,71.97,168.757,68.712,0.917,-0.105,0.996,0.967
"FA(20:1)",0.531,6.563,0.6,6.562,0.483,0.993,-0.009,1,0.997
"FA(20:2)",0.516,1.52,0.507,1.492,0.568,0.544,-0.607,0.982,0.743
"FA(20:3)",0.504,1.075,0.571,1.048,0.437,0.509,-0.66,0.975,0.71
"GABA",0.578,0.05,0.009,0.049,0.002,0.125,-1.536,0.985,0.343
"GCA",0.519,2.206,2.726,2.092,3.35,0.664,-0.435,0.949,0.838
"GCDCA",0.536,0.032,0.074,0.027,0.086,0.438,-0.777,0.833,0.654
"GDCA",0.594,0.063,0.086,0.094,0.199,0.024,2.262,1.49,0.12
"GLCA",0.595,0.025,0.031,0.034,0.044,0.008,2.676,1.352,0.057
"GLCAS",0.605,1.004,1.083,1.305,1.345,0.004,2.88,1.3,0.035
"Gln",0.545,89.806,65.03,82.767,38.887,0.1,-1.649,0.922,0.309
"Glu",0.502,703.489,90.672,698.53,94.22,0.524,-0.638,0.993,0.724
"Gly",0.559,342.125,87.628,350.815,72.988,0.191,1.31,1.025,0.436
"GUDCA",0.522,0.022,0.033,0.023,0.047,0.76,0.305,1.048,0.889
"H1",0.511,3922.074,489.213,3947.963,575.688,0.569,0.569,1.007,0.76
"HArg",0.567,88.573,18.289,92.794,21.452,0.013,2.488,1.048,0.078
"HCys",0.621,0.586,0.177,0.618,0.172,0.031,2.159,1.054,0.146
"Hex2Cer(d18:1/14:0)",0.566,0.193,0.049,0.203,0.051,0.012,2.515,1.055,0.074
"Hex2Cer(d18:1/16:0)",0.546,2.256,0.543,2.357,0.628,0.043,2.03,1.045,0.188
"Hex2Cer(d18:1/18:0)",0.582,0.146,0.027,0.153,0.028,0.001,3.224,1.051,0.017
"Hex2Cer(d18:1/20:0)",0.551,0.065,0.015,0.067,0.015,0.049,1.974,1.038,0.202
"Hex2Cer(d18:1/22:0)",0.541,0.145,0.036,0.149,0.035,0.182,1.335,1.027,0.426
"Hex2Cer(d18:1/24:0)",0.514,0.126,0.033,0.127,0.032,0.719,0.361,1.008,0.864
"Hex2Cer(d18:1/24:1)",0.533,0.304,0.087,0.313,0.092,0.255,1.14,1.028,0.511
"Hex2Cer(d18:1/26:0)",0.503,0.005,0.001,0.005,0.001,0.842,-0.199,0.996,0.922
"Hex2Cer(d18:1/26:1)",0.514,0.042,0.014,0.042,0.013,0.656,-0.446,0.988,0.833
"Hex3Cer(d18:1/16:0)",0.527,0.793,0.166,0.805,0.184,0.418,0.81,1.015,0.65
"Hex3Cer(d18:1/18:0)",0.531,0.114,0.028,0.116,0.028,0.398,0.845,1.018,0.64
"Hex3Cer(d18:1/24:1)",0.506,0.289,0.078,0.289,0.086,0.934,0.082,1.002,0.969
"Hex3Cer(d18:1/26:1)",0.577,0.262,0.07,0.28,0.069,0.003,3.034,1.068,0.026
"Hex3Cer(d18:1_20:0)",0.526,0.092,0.022,0.094,0.024,0.279,1.083,1.023,0.529
"Hex3Cer(d18:1_22:0)",0.54,0.237,0.073,0.245,0.074,0.176,1.354,1.035,0.416
"HexCer(d16:1/22:0)",0.515,0.038,0.008,0.037,0.008,0.375,-0.888,0.985,0.625
"HexCer(d16:1/24:0)",0.501,0.022,0.005,0.022,0.005,0.849,0.19,1.004,0.927
"HexCer(d18:1/14:0)",0.5,0.009,0.002,0.009,0.002,0.742,0.329,1.006,0.879
"HexCer(d18:1/16:0)",0.51,0.577,0.131,0.582,0.145,0.666,0.432,1.009,0.839
"HexCer(d18:1/18:0)",0.539,0.071,0.016,0.073,0.017,0.122,1.547,1.031,0.341
"HexCer(d18:1/18:1)",0.514,0.043,0.009,0.043,0.009,0.701,0.384,1.007,0.853
"HexCer(d18:1/20:0)",0.546,0.137,0.025,0.141,0.029,0.094,1.68,1.028,0.298
"HexCer(d18:1/22:0)",0.516,2.159,0.604,2.16,0.572,0.978,0.028,1.001,0.989
"HexCer(d18:1/23:0)",0.54,1.027,0.263,1.055,0.272,0.215,1.242,1.027,0.464
"HexCer(d18:1/24:0)",0.526,1.29,0.346,1.308,0.348,0.538,0.617,1.014,0.74
"HexCer(d18:1/24:1)",0.513,1.494,0.292,1.506,0.319,0.625,0.49,1.008,0.81
"HexCer(d18:1/26:0)",0.546,0.047,0.011,0.049,0.011,0.071,1.811,1.035,0.254
"HexCer(d18:1/26:1)",0.521,0.062,0.012,0.062,0.013,0.472,-0.72,0.988,0.687
"HexCer(d18:2/16:0)",0.535,0.021,0.004,0.02,0.005,0.274,-1.095,0.98,0.527
"HexCer(d18:2/18:0)",0.515,0.013,0.001,0.013,0.001,0.832,-0.212,0.998,0.919
"HexCer(d18:2/20:0)",0.532,0.025,0.005,0.024,0.005,0.153,-1.429,0.976,0.38
"HexCer(d18:2/22:0)",0.504,0.34,0.095,0.333,0.081,0.333,-0.968,0.979,0.589
"HexCer(d18:2/23:0)",0.508,0.122,0.03,0.121,0.029,0.662,-0.437,0.991,0.837
"HexCer(d18:2/24:0)",0.505,0.389,0.098,0.382,0.094,0.436,-0.78,0.984,0.654
"HipAcid",0.687,8.386,10.374,4.626,7.969,0,-4.983,0.552,0
"His",0.568,91.781,14.149,88.671,11.652,0.004,-2.921,0.966,0.034
"Hypoxanthine",0.504,6.774,2.555,6.905,2.93,0.574,0.563,1.019,0.762
"Ile",0.579,74.203,15.415,69.464,12.824,0,-4.065,0.936,0.002
"Ind-SO4",0.521,3.941,2.279,3.963,2.807,0.92,0.1,1.006,0.967
"Indole",0.523,1.977,8.605,1.707,8.085,0.698,-0.388,0.864,0.853
"Lac",0.526,3532.699,1283.504,3404.776,1162.701,0.208,-1.259,0.964,0.458
"Leu",0.598,136.965,34.2,126.902,21.553,0,-4.398,0.927,0.001
"Lys",0.586,174.618,15.172,169.788,15.752,0,-3.713,0.972,0.005
"lysoPC a C14:0",0.502,6.88,0.684,6.866,0.707,0.82,-0.227,0.998,0.914
"lysoPC a C16:0",0.521,71.892,14.857,70.717,15.695,0.362,-0.913,0.984,0.618
"lysoPC a C16:1",0.542,2.029,0.544,2.105,0.587,0.112,1.591,1.037,0.33
"lysoPC a C17:0",0.512,1.99,0.572,2.008,0.58,0.72,0.359,1.009,0.864
"lysoPC a C18:0",0.525,32.524,9.314,31.95,10.154,0.486,-0.697,0.982,0.695
"lysoPC a C18:1",0.524,18.547,4.861,18.872,4.859,0.426,0.797,1.018,0.654
"lysoPC a C18:2",0.512,20.105,6.142,19.731,5.371,0.434,-0.783,0.981,0.654
"lysoPC a C20:3",0.517,1.828,0.508,1.81,0.541,0.688,-0.402,0.99,0.853
"lysoPC a C20:4",0.521,5.639,1.758,5.776,1.775,0.357,0.921,1.024,0.614
"lysoPC a C24:0",0.547,0.378,0.097,0.363,0.093,0.071,-1.806,0.962,0.254
"lysoPC a C26:0",0.536,0.392,0.213,0.373,0.204,0.279,-1.083,0.952,0.529
"lysoPC a C26:1",0.52,0.209,0.073,0.202,0.065,0.205,-1.268,0.965,0.454
"lysoPC a C28:0",0.514,0.347,0.143,0.338,0.137,0.433,-0.785,0.974,0.654
"lysoPC a C28:1",0.526,0.417,0.114,0.405,0.107,0.218,-1.233,0.973,0.466
"Met",0.568,27.776,5.223,26.524,4.276,0.001,-3.196,0.955,0.018
"Met-SO",0.506,10.013,2.837,9.955,3.025,0.815,-0.234,0.994,0.914
"Nitro-Tyr",0.536,2.5,0.616,2.45,0.729,0.389,-0.862,0.98,0.632
"OH-GlutAcid",0.562,5.005,0.1,5.001,0.017,0.493,-0.685,0.999,0.699
"Orn",0.533,0.824,1.395,0.685,0.419,0.077,-1.771,0.831,0.262
"p-Cresol-SO4",0.539,23.536,12.159,25.167,12.357,0.113,1.586,1.069,0.33
"PC aa C24:0",0.525,0.144,0.069,0.142,0.072,0.79,-0.266,0.989,0.908
"PC aa C26:0",0.52,0.535,0.194,0.525,0.179,0.55,-0.599,0.983,0.748
"PC aa C28:1",0.518,3.149,0.743,3.099,0.708,0.411,-0.823,0.984,0.643
"PC aa C30:0",0.522,3.923,1.241,3.803,1.16,0.23,-1.203,0.969,0.484
"PC aa C32:0",0.517,13.881,2.648,13.647,2.651,0.292,-1.054,0.983,0.54
"PC aa C32:1",0.511,14.549,6.28,14.247,6.328,0.569,-0.57,0.979,0.76
"PC aa C32:2",0.516,4.271,1.359,4.302,1.274,0.775,0.286,1.007,0.895
"PC aa C32:3",0.563,0.577,0.132,0.604,0.123,0.012,2.513,1.046,0.074
"PC aa C34:1",0.57,83.992,5.532,82.707,5.142,0.004,-2.893,0.985,0.035
"PC aa C34:2",0.603,93.274,15.936,91.109,6.796,0.023,-2.275,0.977,0.118
"PC aa C34:3",0.525,11,2.654,11.091,2.69,0.686,0.405,1.008,0.853
"PC aa C34:4",0.511,1.331,0.393,1.309,0.391,0.506,-0.666,0.984,0.707
"PC aa C36:0",0.578,1.658,1.495,1.276,1.237,0.001,-3.388,0.77,0.012
"PC aa C36:1",0.553,63.651,9.184,61.78,9.703,0.019,-2.351,0.971,0.101
"PC aa C36:2",0.583,79.181,7.06,77.805,5.022,0.006,-2.773,0.983,0.044
"PC aa C36:3",0.549,73.007,3.236,72.111,4.539,0.009,-2.629,0.988,0.062
"PC aa C36:4",0.505,81.564,5.707,80.876,5.279,0.133,-1.506,0.992,0.351
"PC aa C36:5",0.587,20.689,10.208,17.667,8.636,0,-3.881,0.854,0.004
"PC aa C36:6",0.568,0.635,0.248,0.571,0.216,0.001,-3.345,0.899,0.013
"PC aa C38:0",0.572,3.819,1.12,3.511,0.996,0,-3.508,0.919,0.008
"PC aa C38:3",0.548,58.112,10.22,56.377,10.526,0.047,-1.99,0.97,0.197
"PC aa C38:4",0.515,77.362,4.966,76.678,5.983,0.146,-1.458,0.991,0.372
"PC aa C38:5",0.511,52.785,8.363,53.217,8.303,0.536,0.619,1.008,0.74
"PC aa C38:6",0.557,66.353,10.704,63.834,12.194,0.01,-2.587,0.962,0.068
"PC aa C40:1",0.529,0.533,0.091,0.521,0.087,0.098,-1.657,0.977,0.306
"PC aa C40:2",0.549,0.538,0.127,0.512,0.111,0.01,-2.596,0.952,0.067
"PC aa C40:3",0.551,0.756,0.139,0.725,0.138,0.007,-2.689,0.959,0.055
"PC aa C40:4",0.537,4.81,1.284,4.941,1.28,0.226,1.211,1.027,0.479
"PC aa C40:5",0.501,11.64,2.732,11.638,2.861,0.995,-0.006,1,0.997
"PC aa C40:6",0.576,32.882,9.673,30.366,9.717,0.002,-3.096,0.923,0.024
"PC aa C42:0",0.508,0.779,0.224,0.776,0.212,0.864,-0.171,0.996,0.929
"PC aa C42:1",0.511,0.409,0.104,0.402,0.1,0.392,-0.856,0.982,0.632
"PC aa C42:2",0.578,0.384,0.093,0.359,0.091,0.001,-3.225,0.935,0.017
"PC aa C42:4",0.505,0.353,0.06,0.35,0.061,0.623,-0.491,0.993,0.81
"PC aa C42:5",0.558,0.452,0.095,0.431,0.087,0.006,-2.752,0.954,0.047
"PC aa C42:6",0.569,0.622,0.136,0.589,0.132,0.004,-2.928,0.947,0.034
"PC ae C30:0",0.514,0.307,0.082,0.303,0.079,0.555,-0.591,0.987,0.748
"PC ae C30:1",0.555,0.142,0.051,0.132,0.043,0.01,-2.583,0.929,0.068
"PC ae C30:2",0.526,0.132,0.02,0.13,0.019,0.133,-1.506,0.981,0.351
"PC ae C32:1",0.511,2.396,0.534,2.348,0.486,0.259,-1.131,0.98,0.511
"PC ae C32:2",0.523,0.709,0.16,0.687,0.134,0.072,-1.803,0.969,0.254
"PC ae C34:0",0.502,1.443,0.35,1.444,0.344,0.949,0.065,1.001,0.972
"PC ae C34:1",0.505,9.173,1.783,9.185,1.887,0.938,0.078,1.001,0.971
"PC ae C34:2",0.511,11.205,2.85,11.172,2.698,0.886,-0.143,0.997,0.945
"PC ae C34:3",0.52,7.635,2.392,7.4,2.18,0.217,-1.235,0.969,0.466
"PC ae C36:0",0.561,0.688,0.159,0.648,0.137,0.001,-3.206,0.943,0.017
"PC ae C36:1",0.509,21.838,4.318,21.803,4.346,0.923,-0.097,0.998,0.967
"PC ae C36:2",0.525,14.656,3.177,14.891,3.15,0.376,0.886,1.016,0.625
"PC ae C36:3",0.521,7.438,1.846,7.488,1.819,0.747,0.323,1.007,0.879
"PC ae C36:4",0.529,17.524,4.698,16.75,3.334,0.019,-2.346,0.956,0.102
"PC ae C36:5",0.581,12.076,3.588,11.019,2.641,0,-4.131,0.912,0.002
"PC ae C38:0",0.571,1.499,0.443,1.377,0.424,0.001,-3.387,0.918,0.012
"PC ae C38:1",0.547,1.796,0.491,1.73,0.52,0.119,-1.563,0.963,0.336
"PC ae C38:2",0.523,3.236,0.699,3.172,0.703,0.281,-1.078,0.98,0.529
"PC ae C38:3",0.511,7.094,1.364,7.167,1.513,0.553,0.594,1.01,0.748
"PC ae C38:4",0.549,13.961,3.095,14.374,2.82,0.093,1.681,1.03,0.298
"PC ae C38:5",0.511,17.83,3.926,17.422,3.01,0.153,-1.431,0.977,0.38
"PC ae C38:6",0.57,6.784,1.847,6.26,1.441,0,-3.873,0.923,0.004
"PC ae C40:1",0.539,1.565,0.333,1.512,0.358,0.07,-1.817,0.966,0.254
"PC ae C40:2",0.524,2.475,0.572,2.404,0.521,0.115,-1.578,0.971,0.331
"PC ae C40:3",0.51,1.938,0.457,1.946,0.453,0.825,0.221,1.004,0.914
"PC ae C40:4",0.565,2.718,0.54,2.824,0.55,0.021,2.307,1.039,0.11
"PC ae C40:5",0.564,5.37,1.044,5.563,1.038,0.028,2.21,1.036,0.134
"PC ae C40:6",0.528,5.377,1.312,5.208,1.207,0.109,-1.605,0.969,0.322
"PC ae C42:0",0.548,0.765,0.118,0.743,0.116,0.028,-2.208,0.972,0.134
"PC ae C42:1",0.533,0.483,0.085,0.473,0.089,0.136,-1.495,0.977,0.355
"PC ae C42:2",0.524,0.692,0.136,0.676,0.138,0.157,-1.416,0.976,0.388
"PC ae C42:3",0.508,1.055,0.232,1.038,0.23,0.384,-0.872,0.984,0.632
"PC ae C42:4",0.558,1.103,0.257,1.15,0.262,0.03,2.175,1.043,0.142
"PC ae C42:5",0.58,2.764,0.556,2.903,0.538,0.003,3.034,1.05,0.026
"PC ae C44:3",0.511,0.198,0.036,0.199,0.039,0.686,0.405,1.006,0.853
"PC ae C44:4",0.547,0.486,0.104,0.503,0.107,0.062,1.87,1.034,0.239
"PC ae C44:5",0.565,1.814,0.51,1.904,0.475,0.029,2.192,1.05,0.138
"PC ae C44:6",0.546,1.45,0.407,1.503,0.383,0.109,1.606,1.036,0.322
"PEA",0.599,0.253,0.044,0.237,0.047,0,-3.995,0.939,0.003
"Phe",0.536,88.697,17.414,86.565,16.267,0.129,-1.52,0.976,0.346
"PheAlaBetaine",0.513,97.91,25.025,96.305,21.957,0.41,-0.825,0.984,0.643
"Pro",0.525,211.8,55.903,206.156,53.677,0.218,-1.234,0.973,0.466
"ProBetaine",0.564,0.096,0.014,0.097,0.014,0.363,0.91,1.011,0.618
"Sarcosine",0.538,0.371,0.094,0.38,0.077,0.238,1.182,1.022,0.496
"SDMA",0.527,21.292,25.086,25.138,32.931,0.127,1.528,1.181,0.345
"Ser",0.547,132.29,29.216,127.014,21.541,0.012,-2.53,0.96,0.074
"Serotonin",0.509,0.04,0,0.04,0.002,0.951,-0.061,1,0.972
"SM (OH) C14:1",0.51,7.731,1.74,7.625,1.712,0.461,-0.737,0.986,0.678
"SM (OH) C16:1",0.512,4.685,1.019,4.7,1.015,0.858,0.179,1.003,0.927
"SM (OH) C22:1",0.533,17.569,3.575,17.061,3.275,0.075,-1.785,0.971,0.259
"SM (OH) C22:2",0.527,13.901,2.911,13.582,2.655,0.169,-1.379,0.977,0.407
"SM (OH) C24:1",0.565,1.966,0.412,1.849,0.377,0,-3.57,0.94,0.008
"SM C16:0",0.506,116.489,15.164,115.333,16.21,0.383,-0.873,0.99,0.632
"SM C16:1",0.538,21.435,4.006,20.805,3.802,0.053,-1.936,0.971,0.217
"SM C18:0",0.521,26.636,5.38,26.962,5.654,0.483,0.701,1.012,0.695
"SM C18:1",0.514,16.689,3.681,16.945,3.699,0.408,0.829,1.015,0.642
"SM C20:2",0.581,1.296,0.46,1.375,0.341,0.017,2.4,1.061,0.09
"SM C24:0",0.577,29.011,6.647,27.054,5.845,0,-3.782,0.933,0.005
"SM C24:1",0.532,55.852,10.414,54.092,10.388,0.044,-2.019,0.969,0.189
"SM C26:0",0.584,0.286,0.053,0.268,0.051,0,-4.074,0.938,0.002
"SM C26:1",0.54,0.555,0.126,0.531,0.114,0.015,-2.438,0.956,0.085
"Spermidine",0.51,0.177,0.074,0.176,0.066,0.835,-0.208,0.993,0.92
"Spermine",0.606,0.626,0.379,0.501,0.405,0,-3.758,0.801,0.005
"Suc",0.673,12.016,0.184,12,0.085,0.149,-1.447,0.999,0.374
"t4-OH-Pro",0.625,0.506,0.475,0.333,0.435,0,-4.559,0.659,0.001
"Taurine",0.554,1.454,0.612,1.365,0.793,0.146,-1.456,0.939,0.372
"TCA",0.548,0.086,0.145,0.105,0.284,0.346,0.943,1.218,0.601
"TCDCA",0.578,0.164,1.357,0.097,1.016,0.493,-0.687,0.592,0.699
"TDCA",0.554,0.004,0,0.004,0.001,0.696,-0.391,0.992,0.853
"TG(14:0_32:2)",0.504,1.758,1.927,1.647,1.49,0.427,-0.796,0.936,0.654
"TG(14:0_34:0)",0.534,2.511,2.907,2.095,2.114,0.044,-2.016,0.834,0.189
"TG(14:0_34:1)",0.519,15.471,15.176,13.979,12.742,0.196,-1.294,0.904,0.444
"TG(14:0_34:2)",0.506,10.744,9.24,10.377,7.993,0.607,-0.515,0.966,0.792
"TG(14:0_34:3)",0.53,2.538,1.953,2.602,1.761,0.681,0.411,1.025,0.853
"TG(14:0_35:1)",0.506,0.398,0.41,0.373,0.314,0.407,-0.83,0.938,0.642
"TG(14:0_35:2)",0.516,0.593,0.477,0.598,0.415,0.894,0.133,1.008,0.95
"TG(14:0_36:1)",0.503,3.354,2.754,3.268,2.516,0.692,-0.396,0.974,0.853
"TG(14:0_36:2)",0.524,16.487,10.769,17.163,10.785,0.455,0.748,1.041,0.671
"TG(14:0_36:3)",0.543,15.757,9.687,16.743,8.947,0.204,1.272,1.063,0.454
"TG(14:0_36:4)",0.549,5.569,3.734,5.936,3.235,0.204,1.272,1.066,0.454
"TG(14:0_38:4)",0.508,0.444,0.283,0.442,0.263,0.921,-0.099,0.995,0.967
"TG(14:0_38:5)",0.504,0.495,0.324,0.473,0.257,0.363,-0.91,0.956,0.618
"TG(14:0_40:5)",0.507,0.146,0.081,0.146,0.074,0.995,-0.006,1,0.997
"TG(16:0_28:1)",0.521,1.6,2.643,1.305,1.895,0.113,-1.586,0.815,0.33
"TG(16:0_28:2)",0.542,0.63,0.897,0.489,0.631,0.024,-2.259,0.775,0.12
"TG(16:0_30:2)",0.507,2.012,2.634,1.93,2.184,0.682,-0.41,0.959,0.853
"TG(16:0_32:0)",0.572,20.733,26.146,14.703,15.995,0.001,-3.485,0.709,0.009
"TG(16:0_32:1)",0.535,29.39,30.869,25.08,24.437,0.059,-1.892,0.853,0.231
"TG(16:0_32:2)",0.512,14.041,13.322,12.861,10.859,0.237,-1.183,0.916,0.496
"TG(16:0_32:3)",0.51,2.356,2.333,2.172,1.8,0.281,-1.079,0.922,0.529
"TG(16:0_33:1)",0.519,4.096,4.008,3.678,3.043,0.15,-1.443,0.898,0.375
"TG(16:0_33:2)",0.503,2.024,1.761,1.913,1.352,0.385,-0.869,0.945,0.632
"TG(16:0_34:0)",0.56,16.753,15.203,13.616,11.589,0.005,-2.847,0.813,0.037
"TG(16:0_34:1)",0.541,102.445,82.829,89.509,68.845,0.039,-2.066,0.874,0.174
"TG(16:0_34:2)",0.508,91.16,64.559,86.315,55.655,0.331,-0.974,0.947,0.585
"TG(16:0_34:3)",0.52,24.793,15.672,24.864,14.017,0.954,0.057,1.003,0.972
"TG(16:0_34:4)",0.507,2.917,2.165,2.748,1.747,0.293,-1.051,0.942,0.54
"TG(16:0_35:1)",0.52,3.467,2.905,3.183,2.397,0.194,-1.3,0.918,0.441
"TG(16:0_35:2)",0.504,5.228,3.625,5.116,3.146,0.688,-0.401,0.978,0.853
"TG(16:0_35:3)",0.524,2.288,1.435,2.309,1.228,0.844,0.197,1.009,0.922
"TG(16:0_36:2)",0.505,195.277,103.946,193.129,102.983,0.804,-0.248,0.989,0.914
"TG(16:0_36:3)",0.519,203.559,102.391,208.487,95.92,0.551,0.597,1.024,0.748
"TG(16:0_36:4)",0.535,74.053,39.749,77.224,36.225,0.315,1.005,1.043,0.564
"TG(16:0_36:5)",0.505,10.046,6.014,9.911,5.09,0.769,-0.294,0.987,0.891
"TG(16:0_36:6)",0.533,1.067,0.874,0.923,0.562,0.015,-2.44,0.865,0.085
"TG(16:0_37:3)",0.501,2.019,1.23,1.981,1.067,0.69,-0.399,0.981,0.853
"TG(16:0_38:1)",0.577,0.946,0.666,0.784,0.527,0.001,-3.299,0.829,0.014
"TG(16:0_38:2)",0.536,3.072,1.712,2.821,1.557,0.066,-1.845,0.918,0.247
"TG(16:0_38:3)",0.509,4.46,2.335,4.317,2.105,0.438,-0.777,0.968,0.654
"TG(16:0_38:4)",0.51,5.26,2.923,5.073,2.52,0.408,-0.828,0.965,0.642
"TG(16:0_38:5)",0.519,6.008,3.461,5.66,2.804,0.178,-1.348,0.942,0.419
"TG(16:0_38:6)",0.539,3.837,2.402,3.407,1.693,0.011,-2.553,0.888,0.073
"TG(16:0_38:7)",0.561,1.067,0.811,0.872,0.501,0,-3.63,0.817,0.007
"TG(16:0_40:6)",0.509,3.386,1.813,3.28,1.506,0.438,-0.777,0.969,0.654
"TG(16:0_40:7)",0.555,3.529,2.173,3.084,1.568,0.004,-2.89,0.874,0.035
"TG(16:0_40:8)",0.574,1.42,1.031,1.164,0.744,0,-3.516,0.82,0.008
"TG(16:1_28:0)",0.514,0.716,1.108,0.614,0.828,0.202,-1.278,0.858,0.454
"TG(16:1_30:1)",0.511,1.495,1.601,1.499,1.554,0.974,0.033,1.003,0.988
"TG(16:1_32:0)",0.548,6.14,7.248,4.897,5.29,0.016,-2.413,0.798,0.089
"TG(16:1_32:1)",0.508,8.624,7.887,8.474,7.473,0.815,-0.234,0.983,0.914
"TG(16:1_32:2)",0.541,2.929,2.219,3.144,2.265,0.254,1.143,1.073,0.511
"TG(16:1_33:1)",0.521,1.273,0.98,1.284,0.88,0.89,0.139,1.008,0.947
"TG(16:1_34:0)",0.515,5.029,4.131,4.677,3.661,0.277,-1.089,0.93,0.528
"TG(16:1_34:1)",0.513,37.28,26.679,37.132,25.421,0.946,-0.068,0.996,0.972
"TG(16:1_34:2)",0.54,24.872,15.679,26.241,15.41,0.293,1.053,1.055,0.54
"TG(16:1_34:3)",0.559,5.479,3.31,6.078,3.472,0.037,2.097,1.109,0.168
"TG(16:1_36:1)",0.512,5.417,3.028,5.537,3.211,0.647,0.458,1.022,0.828
"TG(16:1_36:2)",0.542,28.703,14.367,30.831,15.463,0.092,1.689,1.074,0.295
"TG(16:1_36:3)",0.56,27.694,13.595,30.687,14.339,0.011,2.543,1.108,0.074
"TG(16:1_36:4)",0.564,10.269,5.42,11.422,5.493,0.012,2.519,1.112,0.074
"TG(16:1_36:5)",0.539,1.791,0.953,1.874,0.87,0.275,1.093,1.046,0.527
"TG(16:1_38:3)",0.528,0.75,0.363,0.781,0.368,0.303,1.031,1.042,0.555
"TG(16:1_38:4)",0.52,1.013,0.522,1.042,0.5,0.51,0.659,1.028,0.71
"TG(16:1_38:5)",0.509,1.176,0.598,1.167,0.503,0.842,-0.199,0.992,0.922
"TG(17:0_32:1)",0.52,0.858,0.866,0.778,0.687,0.211,-1.254,0.907,0.458
"TG(17:0_34:1)",0.525,2.758,1.945,2.553,1.636,0.166,-1.386,0.926,0.403
"TG(17:0_34:2)",0.51,2.221,1.167,2.191,1.005,0.737,-0.336,0.986,0.875
"TG(17:0_34:3)",0.534,0.551,0.336,0.57,0.303,0.472,0.72,1.035,0.687
"TG(17:0_36:3)",0.534,3.709,1.889,3.844,1.628,0.355,0.925,1.036,0.612
"TG(17:0_36:4)",0.543,1.415,0.722,1.478,0.608,0.253,1.144,1.044,0.511
"TG(17:1_32:1)",0.503,0.841,0.66,0.825,0.596,0.758,-0.308,0.981,0.889
"TG(17:1_34:1)",0.502,3.461,2.312,3.401,2.109,0.745,-0.326,0.983,0.879
"TG(17:1_34:2)",0.53,2.195,1.3,2.258,1.171,0.539,0.615,1.029,0.74
"TG(17:1_34:3)",0.534,0.458,0.252,0.475,0.234,0.4,0.843,1.037,0.64
"TG(17:1_36:3)",0.532,1.743,0.832,1.817,0.745,0.259,1.13,1.042,0.511
"TG(17:1_36:4)",0.524,0.658,0.308,0.673,0.275,0.558,0.586,1.021,0.749
"TG(17:1_36:5)",0.511,0.173,0.074,0.168,0.068,0.468,-0.727,0.975,0.684
"TG(17:1_38:5)",0.525,0.194,0.083,0.187,0.079,0.316,-1.005,0.965,0.564
"TG(17:1_38:6)",0.537,0.15,0.064,0.141,0.055,0.075,-1.781,0.942,0.259
"TG(17:1_38:7)",0.513,0.024,0.01,0.024,0.01,0.82,0.227,1.008,0.914
"TG(17:2_34:2)",0.508,0.198,0.095,0.197,0.096,0.857,-0.18,0.993,0.927
"TG(17:2_34:3)",0.529,0.423,0.272,0.393,0.254,0.175,-1.359,0.93,0.415
"TG(17:2_36:2)",0.533,0.268,0.107,0.259,0.1,0.258,-1.133,0.964,0.511
"TG(17:2_36:3)",0.516,0.355,0.157,0.35,0.159,0.697,-0.39,0.985,0.853
"TG(17:2_36:4)",0.504,0.799,0.364,0.803,0.398,0.91,0.113,1.005,0.964
"TG(17:2_38:5)",0.526,0.364,0.191,0.349,0.158,0.303,-1.03,0.959,0.555
"TG(17:2_38:6)",0.503,0.362,0.186,0.362,0.157,0.997,0.004,1,0.997
"TG(17:2_38:7)",0.508,0.157,0.08,0.159,0.07,0.766,0.298,1.012,0.89
"TG(18:0_30:0)",0.539,1.721,2.519,1.311,1.624,0.016,-2.411,0.762,0.089
"TG(18:0_30:1)",0.503,0.832,1.163,0.785,0.92,0.589,-0.541,0.944,0.772
"TG(18:0_32:0)",0.568,5.192,5.785,3.844,4.125,0.001,-3.314,0.74,0.014
"TG(18:0_32:1)",0.539,4.168,4.174,3.592,3.533,0.071,-1.81,0.862,0.254
"TG(18:0_32:2)",0.513,1.39,1.306,1.279,1.071,0.259,-1.129,0.92,0.511
"TG(18:0_34:2)",0.528,11.458,8.183,10.499,7.003,0.128,-1.526,0.916,0.345
"TG(18:0_34:3)",0.507,2.425,1.487,2.36,1.355,0.583,-0.549,0.973,0.769
"TG(18:0_36:1)",0.555,4.024,3.457,3.443,3.504,0.047,-1.987,0.856,0.197
"TG(18:0_36:2)",0.548,15.152,9.651,13.761,8.469,0.064,-1.853,0.908,0.246
"TG(18:0_36:3)",0.52,17.062,9.506,16.336,7.772,0.309,-1.018,0.957,0.56
"TG(18:0_36:4)",0.509,7.35,4.3,7.321,3.503,0.927,-0.091,0.996,0.967
"TG(18:0_36:5)",0.523,1.454,0.616,1.387,0.498,0.148,-1.45,0.954,0.374
"TG(18:0_38:6)",0.528,1.602,0.465,1.539,0.387,0.074,-1.788,0.961,0.259
"TG(18:0_38:7)",0.525,0.46,0.11,0.448,0.108,0.186,-1.324,0.974,0.431
"TG(18:1_26:0)",0.507,1.349,2.451,1.244,1.857,0.556,-0.589,0.923,0.748
"TG(18:1_28:1)",0.519,1.722,2.02,1.752,1.877,0.853,0.185,1.017,0.927
"TG(18:1_30:0)",0.511,19.114,18.714,17.683,15.833,0.317,-1.002,0.925,0.564
"TG(18:1_30:1)",0.536,10.993,9.467,12.017,9.869,0.209,1.258,1.093,0.458
"TG(18:1_30:2)",0.557,2.594,2.324,2.995,2.445,0.046,1.999,1.155,0.195
"TG(18:1_31:0)",0.506,3.554,3.408,3.34,2.65,0.391,-0.859,0.94,0.632
"TG(18:1_32:0)",0.534,62.481,48.742,55.823,41.536,0.075,-1.784,0.893,0.259
"TG(18:1_32:1)",0.519,70.963,46.285,72.367,46.397,0.718,0.362,1.02,0.864
"TG(18:1_32:2)",0.547,21.867,12.901,23.475,12.694,0.134,1.502,1.074,0.352
"TG(18:1_32:3)",0.533,2.556,1.643,2.668,1.473,0.386,0.868,1.044,0.632
"TG(18:1_33:0)",0.511,3.488,2.779,3.299,2.363,0.376,-0.886,0.946,0.625
"TG(18:1_33:1)",0.518,9.148,5.753,9.287,5.253,0.762,0.303,1.015,0.889
"TG(18:1_33:2)",0.547,3.862,2.22,4.077,1.903,0.208,1.26,1.056,0.458
"TG(18:1_33:3)",0.517,0.495,0.279,0.498,0.225,0.917,0.104,1.004,0.967
"TG(18:1_34:1)",0.505,322.942,171.941,319.339,171.281,0.802,-0.251,0.989,0.914
"TG(18:1_34:2)",0.524,216.599,105.996,224.121,102.613,0.388,0.863,1.035,0.632
"TG(18:1_34:3)",0.541,38.761,18.576,41.301,18.638,0.104,1.629,1.066,0.316
"TG(18:1_34:4)",0.536,4.049,2.092,4.247,1.962,0.241,1.175,1.049,0.499
"TG(18:1_35:2)",0.524,7.156,3.65,7.384,3.34,0.435,0.782,1.032,0.654
"TG(18:1_35:3)",0.526,2.149,1.07,2.231,0.978,0.337,0.962,1.038,0.591
"TG(18:1_36:0)",0.56,4.301,3.025,3.772,2.753,0.028,-2.205,0.877,0.134
"TG(18:1_36:1)",0.548,34.44,20.829,31.509,17.778,0.067,-1.836,0.915,0.251
"TG(18:1_36:2)",0.531,116.908,69.163,110.444,54.05,0.203,-1.274,0.945,0.454
"TG(18:1_36:3)",0.501,102.994,59.96,101.299,46.281,0.698,-0.388,0.984,0.853
"TG(18:1_36:4)",0.512,40.75,26.141,40.575,19.804,0.926,-0.092,0.996,0.967
"TG(18:1_36:5)",0.505,8.778,5.518,8.499,4.192,0.485,-0.699,0.968,0.695
"TG(18:1_36:6)",0.51,1.161,0.89,1.05,0.602,0.069,-1.819,0.904,0.254
"TG(18:1_38:5)",0.519,7.112,2.49,6.92,2.099,0.313,-1.009,0.973,0.564
"TG(18:1_38:6)",0.57,4.708,1.921,4.218,1.291,0,-3.719,0.896,0.005
"TG(18:1_38:7)",0.545,1.107,0.286,1.052,0.245,0.012,-2.526,0.95,0.074
"TG(18:2_28:0)",0.519,2.093,2.864,2.047,2.271,0.826,-0.22,0.978,0.914
"TG(18:2_30:0)",0.502,9.391,8.804,8.73,6.991,0.311,-1.015,0.93,0.561
"TG(18:2_30:1)",0.549,5.17,4.196,5.64,4.066,0.174,1.362,1.091,0.415
"TG(18:2_31:0)",0.508,2.296,1.99,2.191,1.455,0.46,-0.74,0.954,0.677
"TG(18:2_32:0)",0.518,32.325,23.366,29.854,19.112,0.159,-1.41,0.924,0.39
"TG(18:2_32:1)",0.539,35.493,20.986,37.24,20.089,0.309,1.019,1.049,0.56
"TG(18:2_32:2)",0.56,11.006,6.75,12.034,6.221,0.057,1.906,1.093,0.226
"TG(18:2_33:0)",0.512,1.875,1.414,1.827,1.104,0.642,-0.465,0.974,0.825
"TG(18:2_33:1)",0.545,4.919,2.911,5.169,2.483,0.263,1.12,1.051,0.516
"TG(18:2_33:2)",0.564,2.098,1.261,2.274,1.053,0.065,1.846,1.084,0.247
"TG(18:2_34:0)",0.504,23.826,13.252,23.45,11.972,0.72,-0.359,0.984,0.864
"TG(18:2_34:1)",0.521,182.67,91.039,187.672,86.352,0.499,0.676,1.027,0.7
"TG(18:2_34:2)",0.548,116.957,62.005,125.031,58.197,0.107,1.613,1.069,0.322
"TG(18:2_34:3)",0.556,19.29,10.498,21.092,10.199,0.038,2.084,1.093,0.17
"TG(18:2_34:4)",0.551,2.107,1.247,2.262,1.141,0.121,1.555,1.073,0.339
"TG(18:2_35:1)",0.53,4.012,2.127,4.15,1.848,0.401,0.84,1.034,0.64
"TG(18:2_35:2)",0.548,3.761,1.966,3.996,1.731,0.125,1.536,1.063,0.343
"TG(18:2_35:3)",0.554,1.169,0.629,1.257,0.57,0.077,1.771,1.075,0.262
"TG(18:2_36:0)",0.528,2.337,1.467,2.183,1.205,0.162,-1.401,0.934,0.395
"TG(18:2_36:1)",0.516,20.546,11.31,19.817,9.197,0.39,-0.861,0.965,0.632
"TG(18:2_36:2)",0.504,59.417,34.303,58.832,26.72,0.816,-0.233,0.99,0.914
"TG(18:2_36:3)",0.525,48.14,34.811,48.852,26.939,0.78,0.28,1.015,0.899
"TG(18:2_36:4)",0.528,19.725,18.987,20.209,19.374,0.764,0.301,1.025,0.889
"TG(18:2_36:5)",0.521,4.809,5.233,4.779,6.145,0.951,-0.062,0.994,0.972
"TG(18:2_38:4)",0.518,2.889,1.39,2.949,1.249,0.584,0.547,1.021,0.769
"TG(18:2_38:5)",0.514,3.699,1.748,3.72,1.477,0.876,0.156,1.006,0.939
"TG(18:2_38:6)",0.549,2.576,1.429,2.287,1.046,0.005,-2.84,0.888,0.037
"TG(18:3_30:0)",0.52,1.145,1.265,1.009,0.875,0.123,-1.545,0.881,0.341
"TG(18:3_32:0)",0.538,3.485,2.857,3.034,2.169,0.029,-2.185,0.87,0.139
"TG(18:3_32:1)",0.512,4.195,2.859,4.169,2.51,0.907,-0.117,0.994,0.962
"TG(18:3_33:2)",0.522,0.181,0.092,0.183,0.078,0.75,0.319,1.012,0.881
"TG(18:3_34:0)",0.519,2.654,1.59,2.525,1.361,0.29,-1.06,0.951,0.539
"TG(18:3_34:1)",0.501,20.795,10.968,20.611,9.993,0.833,-0.211,0.991,0.919
"TG(18:3_34:2)",0.524,13.115,7.103,13.482,6.533,0.518,0.647,1.028,0.72
"TG(18:3_34:3)",0.539,2.281,1.332,2.384,1.219,0.336,0.964,1.045,0.591
"TG(18:3_35:2)",0.529,0.523,0.283,0.541,0.248,0.414,0.817,1.034,0.648
"TG(18:3_36:1)",0.514,2.43,1.431,2.324,1.128,0.314,-1.008,0.956,0.564
"TG(18:3_36:2)",0.502,9.817,5.832,9.585,4.502,0.586,-0.545,0.976,0.77
"TG(18:3_36:3)",0.522,8.32,6.126,8.306,4.89,0.975,-0.032,0.998,0.988
"TG(18:3_36:4)",0.526,3.549,3.606,3.554,3.953,0.989,0.014,1.001,0.996
"TG(18:3_38:5)",0.512,0.533,0.228,0.514,0.189,0.268,-1.11,0.964,0.521
"TG(18:3_38:6)",0.534,0.358,0.173,0.328,0.12,0.012,-2.532,0.915,0.074
"TG(20:0_32:3)",0.513,0.405,0.202,0.413,0.194,0.657,0.444,1.018,0.833
"TG(20:0_32:4)",0.531,0.469,0.247,0.488,0.231,0.346,0.943,1.04,0.601
"TG(20:0_34:1)",0.577,1.055,0.644,0.92,0.369,0.001,-3.237,0.872,0.017
"TG(20:1_30:1)",0.514,0.099,0.054,0.1,0.051,0.812,0.238,1.011,0.914
"TG(20:1_32:0)",0.553,0.025,0.019,0.021,0.015,0.006,-2.777,0.845,0.044
"TG(20:1_32:1)",0.502,0.714,0.447,0.695,0.422,0.613,-0.506,0.974,0.798
"TG(20:1_32:2)",0.52,0.378,0.169,0.384,0.161,0.635,0.475,1.017,0.818
"TG(20:1_32:3)",0.545,0.165,0.062,0.174,0.062,0.086,1.719,1.054,0.283
"TG(20:1_34:0)",0.556,0.407,0.241,0.357,0.204,0.007,-2.718,0.877,0.051
"TG(20:1_34:1)",0.535,2.773,1.532,2.562,1.408,0.085,-1.728,0.924,0.279
"TG(20:1_34:2)",0.507,2.001,0.993,1.948,0.891,0.495,-0.683,0.973,0.699
"TG(20:1_34:3)",0.511,0.392,0.165,0.396,0.156,0.81,0.24,1.008,0.914
"TG(20:2_32:0)",0.529,0.647,0.476,0.578,0.381,0.051,-1.957,0.893,0.209
"TG(20:2_32:1)",0.516,0.848,0.523,0.855,0.501,0.88,0.151,1.008,0.94
"TG(20:2_34:1)",0.5,2.709,1.385,2.658,1.289,0.642,-0.465,0.981,0.825
"TG(20:2_34:2)",0.524,1.864,0.917,1.904,0.837,0.578,0.557,1.022,0.766
"TG(20:2_34:3)",0.533,0.429,0.21,0.447,0.198,0.286,1.068,1.042,0.536
"TG(20:2_34:4)",0.517,0.034,0.017,0.034,0.016,0.948,0.065,1.003,0.972
"TG(20:2_36:5)",0.523,0.171,0.037,0.168,0.035,0.259,-1.13,0.98,0.511
"TG(20:3_32:0)",0.535,1.103,0.903,0.954,0.686,0.023,-2.281,0.865,0.117
"TG(20:3_32:1)",0.51,1.376,0.944,1.358,0.849,0.812,-0.238,0.987,0.914
"TG(20:3_32:2)",0.533,0.422,0.251,0.446,0.246,0.266,1.114,1.055,0.519
"TG(20:3_34:0)",0.528,0.705,0.441,0.651,0.374,0.109,-1.604,0.923,0.322
"TG(20:3_34:1)",0.514,4.988,2.807,4.797,2.482,0.384,-0.872,0.962,0.632
"TG(20:3_34:2)",0.51,3.648,1.861,3.676,1.688,0.851,0.187,1.008,0.927
"TG(20:3_34:3)",0.521,0.72,0.358,0.742,0.335,0.451,0.755,1.03,0.667
"TG(20:3_36:3)",0.5,1.864,0.802,1.874,0.746,0.88,0.151,1.005,0.94
"TG(20:3_36:4)",0.503,0.953,0.309,0.954,0.285,0.962,0.048,1.001,0.978
"TG(20:3_36:5)",0.505,0.259,0.052,0.259,0.049,0.924,-0.095,0.998,0.967
"TG(20:4_30:0)",0.524,0.884,1.096,0.739,0.738,0.054,-1.932,0.836,0.217
"TG(20:4_32:0)",0.545,2.818,2.699,2.321,1.885,0.008,-2.643,0.824,0.061
"TG(20:4_32:1)",0.513,2.887,2.391,2.666,1.899,0.21,-1.255,0.923,0.458
"TG(20:4_32:2)",0.51,0.954,0.68,0.942,0.562,0.821,-0.227,0.988,0.914
"TG(20:4_33:2)",0.504,0.14,0.083,0.136,0.065,0.541,-0.612,0.973,0.741
"TG(20:4_34:0)",0.531,1.941,1.285,1.772,1.009,0.074,-1.79,0.913,0.259
"TG(20:4_34:1)",0.521,13.34,7.912,12.633,6.657,0.241,-1.175,0.947,0.499
"TG(20:4_34:2)",0.501,9.541,5.386,9.435,4.665,0.8,-0.254,0.989,0.914
"TG(20:4_34:3)",0.512,1.647,0.9,1.653,0.764,0.929,0.089,1.004,0.967
"TG(20:4_35:3)",0.5,0.069,0.032,0.069,0.027,0.782,-0.277,0.99,0.9
"TG(20:4_36:2)",0.515,8.794,3.691,8.595,3.203,0.485,-0.699,0.977,0.695
"TG(20:4_36:3)",0.5,6.062,2.806,6.011,2.348,0.81,-0.24,0.992,0.914
"TG(20:4_36:4)",0.501,2.436,1.289,2.413,1.09,0.813,-0.237,0.99,0.914
"TG(20:4_36:5)",0.523,0.72,0.394,0.674,0.313,0.116,-1.572,0.936,0.331
"TG(20:5_34:0)",0.579,0.402,0.401,0.298,0.211,0,-4.114,0.741,0.002
"TG(20:5_34:1)",0.572,3.729,3.286,2.925,1.94,0,-3.745,0.784,0.005
"TG(20:5_34:2)",0.556,2.906,2.449,2.381,1.565,0.001,-3.19,0.819,0.018
"TG(20:5_36:2)",0.591,2.191,1.732,1.688,1,0,-4.477,0.77,0.001
"TG(20:5_36:3)",0.572,2.147,1.653,1.7,1.04,0,-4.044,0.792,0.002
"TG(22:0_32:4)",0.512,0.011,0.004,0.012,0.004,0.731,0.344,1.01,0.872
"TG(22:1_32:5)",0.504,0.039,0.026,0.038,0.023,0.763,-0.301,0.984,0.889
"TG(22:2_32:4)",0.507,0.06,0.05,0.059,0.053,0.929,-0.089,0.994,0.967
"TG(22:4_32:0)",0.53,0.281,0.257,0.241,0.192,0.033,-2.134,0.86,0.154
"TG(22:4_32:2)",0.507,0.061,0.035,0.061,0.033,0.986,0.018,1.001,0.994
"TG(22:4_34:2)",0.524,1.179,0.686,1.216,0.623,0.495,0.683,1.032,0.699
"TG(22:5_32:0)",0.552,0.975,0.722,0.816,0.486,0.001,-3.206,0.837,0.017
"TG(22:5_32:1)",0.511,1.018,0.706,0.943,0.512,0.138,-1.487,0.927,0.358
"TG(22:5_34:1)",0.515,5.18,2.722,4.947,2.218,0.253,-1.145,0.955,0.511
"TG(22:5_34:2)",0.502,3.537,1.831,3.46,1.497,0.573,-0.563,0.978,0.762
"TG(22:5_34:3)",0.508,0.614,0.317,0.603,0.245,0.645,-0.461,0.983,0.826
"TG(22:6_32:0)",0.6,1.893,1.893,1.283,1.09,0,-4.975,0.678,0
"TG(22:6_32:1)",0.583,2.176,2.135,1.61,1.212,0,-4.106,0.74,0.002
"TG(22:6_34:1)",0.602,9.432,7.402,7.117,5.062,0,-4.526,0.755,0.001
"TG(22:6_34:2)",0.589,7.09,5.553,5.57,3.992,0,-3.878,0.786,0.004
"TG(22:6_34:3)",0.582,1.287,1.132,1.008,0.739,0,-3.624,0.784,0.007
"Thr",0.52,140.924,30.638,138.028,29.051,0.245,-1.164,0.979,0.505
"TLCA",0.553,0.01,0.018,0.014,0.026,0.057,1.908,1.359,0.226
"TMAO",0.549,10.232,10.944,8.684,10.197,0.079,-1.759,0.849,0.265
"TMCA",0.587,0.084,0.2,0.055,0.181,0.067,-1.833,0.654,0.251
"Trigonelline",0.576,1.659,1.99,1.243,1.302,0.002,-3.077,0.749,0.024
"Trp",0.594,65.852,11.077,62.24,11.847,0,-3.733,0.945,0.005
"TrpBetaine",0.586,0.659,0.135,0.696,0.151,0.002,3.048,1.056,0.026
"Tyr",0.566,74.465,16.147,70.555,15.353,0.003,-2.977,0.947,0.03
"Val",0.607,241.507,39.723,225.542,34.591,0,-5.188,0.934,0
"Xanthine",0.547,3.115,1.973,3.547,2.849,0.043,2.034,1.139,0.187
